Fund Slug,Company Slug,Round,Round Date,Lead,Source URL,Source Date,Scraping Method Used
agdevco-smallholder-development-unit,a2p,unknown,,unknown,https://www.agdevco.com/our-investments,2026-04-28,fund_portfolio_scraper_AgDevCo
agdevco-smallholder-development-unit,cashew-coast,unknown,,unknown,https://www.agdevco.com/our-investments,2026-04-28,fund_portfolio_scraper_AgDevCo
agdevco-smallholder-development-unit,dekeloil,unknown,,unknown,https://www.agdevco.com/our-investments,2026-04-28,fund_portfolio_scraper_AgDevCo
agdevco-smallholder-development-unit,emf,unknown,,unknown,https://www.agdevco.com/our-investments,2026-04-28,fund_portfolio_scraper_AgDevCo
agdevco-smallholder-development-unit,feav,unknown,,unknown,https://www.agdevco.com/our-investments,2026-04-28,fund_portfolio_scraper_AgDevCo
agdevco-smallholder-development-unit,tropo,unknown,,unknown,https://www.agdevco.com/our-investments,2026-04-28,fund_portfolio_scraper_AgDevCo
agdevco-smallholder-development-unit,agris,unknown,,unknown,https://www.agdevco.com/our-investments,2026-04-28,fund_portfolio_scraper_AgDevCo
agdevco-smallholder-development-unit,agventure,unknown,,unknown,https://www.agdevco.com/our-investments,2026-04-28,fund_portfolio_scraper_AgDevCo
agdevco-smallholder-development-unit,evergreen-avocado-limited,unknown,,unknown,https://www.agdevco.com/our-investments,2026-04-28,fund_portfolio_scraper_AgDevCo
agdevco-smallholder-development-unit,sagana-nuts,unknown,,unknown,https://www.agdevco.com/our-investments,2026-04-28,fund_portfolio_scraper_AgDevCo
agdevco-smallholder-development-unit,victory-farms-limited,unknown,,unknown,https://www.agdevco.com/our-investments,2026-04-28,fund_portfolio_scraper_AgDevCo
agdevco-smallholder-development-unit,jacoma-tropha,unknown,,unknown,https://www.agdevco.com/our-investments,2026-04-28,fund_portfolio_scraper_AgDevCo
agdevco-smallholder-development-unit,kasinthula,unknown,,unknown,https://www.agdevco.com/our-investments,2026-04-28,fund_portfolio_scraper_AgDevCo
agdevco-smallholder-development-unit,dowson,unknown,,unknown,https://www.agdevco.com/our-investments,2026-04-28,fund_portfolio_scraper_AgDevCo
agdevco-smallholder-development-unit,eca,unknown,,unknown,https://www.agdevco.com/our-investments,2026-04-28,fund_portfolio_scraper_AgDevCo
agdevco-smallholder-development-unit,quinta-da-bela-vista-limitada-qbv,unknown,,unknown,https://www.agdevco.com/our-investments,2026-04-28,fund_portfolio_scraper_AgDevCo
agdevco-smallholder-development-unit,transurban,unknown,,unknown,https://www.agdevco.com/our-investments,2026-04-28,fund_portfolio_scraper_AgDevCo
agdevco-smallholder-development-unit,westfalia-fruto,unknown,,unknown,https://www.agdevco.com/our-investments,2026-04-28,fund_portfolio_scraper_AgDevCo
agdevco-smallholder-development-unit,planting-naturals,unknown,,unknown,https://www.agdevco.com/our-investments,2026-04-28,fund_portfolio_scraper_AgDevCo
agdevco-smallholder-development-unit,agristar,unknown,,unknown,https://www.agdevco.com/our-investments,2026-04-28,fund_portfolio_scraper_AgDevCo
agdevco-smallholder-development-unit,skutwater,unknown,,unknown,https://www.agdevco.com/our-investments,2026-04-28,fund_portfolio_scraper_AgDevCo
agdevco-smallholder-development-unit,africado,unknown,,unknown,https://www.agdevco.com/our-investments,2026-04-28,fund_portfolio_scraper_AgDevCo
agdevco-smallholder-development-unit,efafrica-group,unknown,,unknown,https://www.agdevco.com/our-investments,2026-04-28,fund_portfolio_scraper_AgDevCo
agdevco-smallholder-development-unit,pee-pee-tanzania-limited-pptl,unknown,,unknown,https://www.agdevco.com/our-investments,2026-04-28,fund_portfolio_scraper_AgDevCo
agdevco-smallholder-development-unit,new-forests-company,unknown,,unknown,https://www.agdevco.com/our-investments,2026-04-28,fund_portfolio_scraper_AgDevCo
agdevco-smallholder-development-unit,hybrid-poultry,unknown,,unknown,https://www.agdevco.com/our-investments,2026-04-28,fund_portfolio_scraper_AgDevCo
agdevco-smallholder-development-unit,katito-farming-enterprises-ltd,unknown,,unknown,https://www.agdevco.com/our-investments,2026-04-28,fund_portfolio_scraper_AgDevCo
agdevco-smallholder-development-unit,saise-farming-enterprises-ltd-sfel,unknown,,unknown,https://www.agdevco.com/our-investments,2026-04-28,fund_portfolio_scraper_AgDevCo
av-frontiers-caif,fortuna-biznes-mikromoliya-tashkiloti-llc,unknown,,unknown,https://av-ventures.com/our_funds/,2026-04-28,fund_portfolio_scraper_AVVentures
av-frontiers-caif,vodiy-taraqqiyot-mikromoliya-tashkiloti-llc,unknown,,unknown,https://av-ventures.com/our_funds/,2026-04-28,fund_portfolio_scraper_AVVentures
av-frontiers-caif,delta-mikromoliya-tashkiloti-llc,unknown,,unknown,https://av-ventures.com/our_funds/,2026-04-28,fund_portfolio_scraper_AVVentures
av-frontiers-caif,ehtirom-plus,unknown,,unknown,https://av-ventures.com/our_funds/,2026-04-28,fund_portfolio_scraper_AVVentures
av-frontiers-caif,eurasia-oil-international-llc-and-ololo-group-llc,unknown,,unknown,https://av-ventures.com/our_funds/,2026-04-28,fund_portfolio_scraper_AVVentures
av-frontiers-caif,renesans-mikromoliya-tashkiloti-jsc,unknown,,unknown,https://av-ventures.com/our_funds/,2026-04-28,fund_portfolio_scraper_AVVentures
av-frontiers-caif,oasis-credit,unknown,,unknown,https://av-ventures.com/our_funds/,2026-04-28,fund_portfolio_scraper_AVVentures
av-frontiers-caif,kupuev-academy,unknown,,unknown,https://av-ventures.com/our_funds/,2026-04-28,fund_portfolio_scraper_AVVentures
av-frontiers-caif,furuz-microfinance-institution,unknown,,unknown,https://av-ventures.com/our_funds/,2026-04-28,fund_portfolio_scraper_AVVentures
av-ventures-ghana,maphlix-trust-ghana-limited,unknown,,unknown,https://av-ventures.com/our_funds/,2026-04-28,fund_portfolio_scraper_AVVentures
av-ventures-ghana,agrocenta,unknown,,unknown,https://av-ventures.com/our_funds/,2026-04-28,fund_portfolio_scraper_AVVentures
av-ventures-ghana,agro-innova-ltd,unknown,,unknown,https://av-ventures.com/our_funds/,2026-04-28,fund_portfolio_scraper_AVVentures
av-ventures-ghana,warc-ghana-limited,unknown,,unknown,https://av-ventures.com/our_funds/,2026-04-28,fund_portfolio_scraper_AVVentures
av-ventures-ink-kenya,safer-power-limited,unknown,,unknown,https://av-ventures.com/our_funds/,2026-04-28,fund_portfolio_scraper_AVVentures
av-ventures-ink-kenya,middle-east-bank-limited,unknown,,unknown,https://av-ventures.com/our_funds/,2026-04-28,fund_portfolio_scraper_AVVentures
av-ventures-ink-kenya,mwangaza-micro-enterprises-limited,unknown,,unknown,https://av-ventures.com/our_funds/,2026-04-28,fund_portfolio_scraper_AVVentures
av-ventures-ink-kenya,edenbridge-capital,unknown,,unknown,https://av-ventures.com/our_funds/,2026-04-28,fund_portfolio_scraper_AVVentures
av-ventures-ink-kenya,dot-capital-limited,unknown,,unknown,https://av-ventures.com/our_funds/,2026-04-28,fund_portfolio_scraper_AVVentures
av-ventures-ink-kenya,centenary-microenterprise-services-limited,unknown,,unknown,https://av-ventures.com/our_funds/,2026-04-28,fund_portfolio_scraper_AVVentures
av-ventures-ink-kenya,incredo-microfinance,unknown,,unknown,https://av-ventures.com/our_funds/,2026-04-28,fund_portfolio_scraper_AVVentures
av-ventures-ink-kenya,agricultural-finance-corporation,unknown,,unknown,https://av-ventures.com/our_funds/,2026-04-28,fund_portfolio_scraper_AVVentures
av-ventures-ink-kenya,fadhili-micro-enterprises-limited,unknown,,unknown,https://av-ventures.com/our_funds/,2026-04-28,fund_portfolio_scraper_AVVentures
av-ventures-ink-kenya,ololoakjol,unknown,,unknown,https://av-ventures.com/our_funds/,2026-04-28,fund_portfolio_scraper_AVVentures
av-ventures-ink-kenya,hello-tractor,unknown,,unknown,https://av-ventures.com/our_funds/,2026-04-28,fund_portfolio_scraper_AVVentures
av-ventures-ink-kenya,solargen-technologies-ltd,unknown,,unknown,https://av-ventures.com/our_funds/,2026-04-28,fund_portfolio_scraper_AVVentures
kiva-refugee-investment-fund,organizacion-de-desarrollo-empresarial-femenino-odef,unknown,,unknown,https://www.kiva.org/partners,2026-04-28,fund_portfolio_scraper_KivaUmbrella
kiva-refugee-investment-fund,credicampo,unknown,,unknown,https://www.kiva.org/partners,2026-04-28,fund_portfolio_scraper_KivaUmbrella
kiva-refugee-investment-fund,imon-international,unknown,,unknown,https://www.kiva.org/partners,2026-04-28,fund_portfolio_scraper_KivaUmbrella
kiva-refugee-investment-fund,cjsc-humo-bank,unknown,,unknown,https://www.kiva.org/partners,2026-04-28,fund_portfolio_scraper_KivaUmbrella
kiva-refugee-investment-fund,banco-da-familia,unknown,,unknown,https://www.kiva.org/partners,2026-04-28,fund_portfolio_scraper_KivaUmbrella
kiva-refugee-investment-fund,arnur-credit,unknown,,unknown,https://www.kiva.org/partners,2026-04-28,fund_portfolio_scraper_KivaUmbrella
kiva-refugee-investment-fund,asian-credit-fund-llc,unknown,,unknown,https://www.kiva.org/partners,2026-04-28,fund_portfolio_scraper_KivaUmbrella
kiva-refugee-investment-fund,bailyk-finance-microcredit-company,unknown,,unknown,https://www.kiva.org/partners,2026-04-28,fund_portfolio_scraper_KivaUmbrella
kiva-refugee-investment-fund,finamiga-uni2,unknown,,unknown,https://www.kiva.org/partners,2026-04-28,fund_portfolio_scraper_KivaUmbrella
kiva-refugee-investment-fund,fundenuse,unknown,,unknown,https://www.kiva.org/partners,2026-04-28,fund_portfolio_scraper_KivaUmbrella
kiva-refugee-investment-fund,camfed-ghana,unknown,,unknown,https://www.kiva.org/partners,2026-04-28,fund_portfolio_scraper_KivaUmbrella
kiva-refugee-investment-fund,ide-cambodia,unknown,,unknown,https://www.kiva.org/partners,2026-04-28,fund_portfolio_scraper_KivaUmbrella
kiva-refugee-investment-fund,kashf-foundation,unknown,,unknown,https://www.kiva.org/partners,2026-04-28,fund_portfolio_scraper_KivaUmbrella
kiva-refugee-investment-fund,ugafode-microfinance,unknown,,unknown,https://www.kiva.org/partners,2026-04-28,fund_portfolio_scraper_KivaUmbrella
kiva-refugee-investment-fund,one-acre-fund,unknown,,unknown,https://www.kiva.org/partners,2026-04-28,fund_portfolio_scraper_KivaUmbrella
kiva-refugee-investment-fund,visionfund-ecuador,unknown,,unknown,https://www.kiva.org/partners,2026-04-28,fund_portfolio_scraper_KivaUmbrella
kiva-refugee-investment-fund,brac-liberia-microfinance-company-limited-blmcl,unknown,,unknown,https://www.kiva.org/partners,2026-04-28,fund_portfolio_scraper_KivaUmbrella
kiva-refugee-investment-fund,credo,unknown,,unknown,https://www.kiva.org/partners,2026-04-28,fund_portfolio_scraper_KivaUmbrella
kiva-refugee-investment-fund,padecomsm,unknown,,unknown,https://www.kiva.org/partners,2026-04-28,fund_portfolio_scraper_KivaUmbrella
kiva-refugee-investment-fund,negros-women-for-tomorrow-foundation-nwtf,unknown,,unknown,https://www.kiva.org/partners,2026-04-28,fund_portfolio_scraper_KivaUmbrella
kiva-refugee-investment-fund,community-economic-ventures-inc-cevi,unknown,,unknown,https://www.kiva.org/partners,2026-04-28,fund_portfolio_scraper_KivaUmbrella
kiva-refugee-investment-fund,fundacion-paraguaya,unknown,,unknown,https://www.kiva.org/partners,2026-04-28,fund_portfolio_scraper_KivaUmbrella
kiva-refugee-investment-fund,phillip-bank,unknown,,unknown,https://www.kiva.org/partners,2026-04-28,fund_portfolio_scraper_KivaUmbrella
kiva-refugee-investment-fund,ebo-sacco,unknown,,unknown,https://www.kiva.org/partners,2026-04-28,fund_portfolio_scraper_KivaUmbrella
kiva-refugee-investment-fund,camfed-malawi,unknown,,unknown,https://www.kiva.org/partners,2026-04-28,fund_portfolio_scraper_KivaUmbrella
kiva-refugee-investment-fund,microfund-for-women,unknown,,unknown,https://www.kiva.org/partners,2026-04-28,fund_portfolio_scraper_KivaUmbrella
kiva-refugee-investment-fund,south-pacific-business-development-spbd-tonga,unknown,,unknown,https://www.kiva.org/partners,2026-04-28,fund_portfolio_scraper_KivaUmbrella
kiva-refugee-investment-fund,ide-ghana,unknown,,unknown,https://www.kiva.org/partners,2026-04-28,fund_portfolio_scraper_KivaUmbrella
kiva-refugee-investment-fund,camfed-zambia,unknown,,unknown,https://www.kiva.org/partners,2026-04-28,fund_portfolio_scraper_KivaUmbrella
kiva-refugee-investment-fund,babban-gona-farmers-organization,unknown,,unknown,https://www.kiva.org/partners,2026-04-28,fund_portfolio_scraper_KivaUmbrella
kiva-refugee-investment-fund,national-microfinance-bank,unknown,,unknown,https://www.kiva.org/partners,2026-04-28,fund_portfolio_scraper_KivaUmbrella
kiva-refugee-investment-fund,brac-sierra-leone,unknown,,unknown,https://www.kiva.org/partners,2026-04-28,fund_portfolio_scraper_KivaUmbrella
kiva-refugee-investment-fund,bai-tushum-bank,unknown,,unknown,https://www.kiva.org/partners,2026-04-28,fund_portfolio_scraper_KivaUmbrella
kiva-refugee-investment-fund,juhudi-kilimo,unknown,,unknown,https://www.kiva.org/partners,2026-04-28,fund_portfolio_scraper_KivaUmbrella
kiva-refugee-investment-fund,edesa,unknown,,unknown,https://www.kiva.org/partners,2026-04-28,fund_portfolio_scraper_KivaUmbrella
kiva-refugee-investment-fund,thanh-hoa-microfinance-institution,unknown,,unknown,https://www.kiva.org/partners,2026-04-28,fund_portfolio_scraper_KivaUmbrella
kiva-refugee-investment-fund,prisma-honduras,unknown,,unknown,https://www.kiva.org/partners,2026-04-28,fund_portfolio_scraper_KivaUmbrella
kiva-refugee-investment-fund,apoyo-integral,unknown,,unknown,https://www.kiva.org/partners,2026-04-28,fund_portfolio_scraper_KivaUmbrella
kiva-refugee-investment-fund,brac-uganda,unknown,,unknown,https://www.kiva.org/partners,2026-04-28,fund_portfolio_scraper_KivaUmbrella
kiva-refugee-investment-fund,friendship-bridge,unknown,,unknown,https://www.kiva.org/partners,2026-04-28,fund_portfolio_scraper_KivaUmbrella
kiva-refugee-investment-fund,conserva,unknown,,unknown,https://www.kiva.org/partners,2026-04-28,fund_portfolio_scraper_KivaUmbrella
kiva-refugee-investment-fund,visionfund-mongolia,unknown,,unknown,https://www.kiva.org/partners,2026-04-28,fund_portfolio_scraper_KivaUmbrella
kiva-refugee-investment-fund,d-light-design,unknown,,unknown,https://www.kiva.org/partners,2026-04-28,fund_portfolio_scraper_KivaUmbrella
kiva-refugee-investment-fund,south-pacific-business-development-spbd-fiji,unknown,,unknown,https://www.kiva.org/partners,2026-04-28,fund_portfolio_scraper_KivaUmbrella
kiva-refugee-investment-fund,cooperativa-de-ahorro-y-credito-norandino,unknown,,unknown,https://www.kiva.org/partners,2026-04-28,fund_portfolio_scraper_KivaUmbrella
kiva-refugee-investment-fund,benteng-mikro-indonesia-bmi,unknown,,unknown,https://www.kiva.org/partners,2026-04-28,fund_portfolio_scraper_KivaUmbrella
kiva-refugee-investment-fund,inkomoko,unknown,,unknown,https://www.kiva.org/partners,2026-04-28,fund_portfolio_scraper_KivaUmbrella
kiva-refugee-investment-fund,fundapec,unknown,,unknown,https://www.kiva.org/partners,2026-04-28,fund_portfolio_scraper_KivaUmbrella
kiva-refugee-investment-fund,kaebauk,unknown,,unknown,https://www.kiva.org/partners,2026-04-28,fund_portfolio_scraper_KivaUmbrella
kiva-refugee-investment-fund,strathmore-university,unknown,,unknown,https://www.kiva.org/partners,2026-04-28,fund_portfolio_scraper_KivaUmbrella
kiva-refugee-investment-fund,micredito,unknown,,unknown,https://www.kiva.org/partners,2026-04-28,fund_portfolio_scraper_KivaUmbrella
kiva-refugee-investment-fund,urwego-bank,unknown,,unknown,https://www.kiva.org/partners,2026-04-28,fund_portfolio_scraper_KivaUmbrella
kiva-refugee-investment-fund,fundacion-espoir,unknown,,unknown,https://www.kiva.org/partners,2026-04-28,fund_portfolio_scraper_KivaUmbrella
kiva-refugee-investment-fund,visionfund-kenya,unknown,,unknown,https://www.kiva.org/partners,2026-04-28,fund_portfolio_scraper_KivaUmbrella
kiva-refugee-investment-fund,vision-fund-mexico,unknown,,unknown,https://www.kiva.org/partners,2026-04-28,fund_portfolio_scraper_KivaUmbrella
kiva-refugee-investment-fund,asociacion-arariwa,unknown,,unknown,https://www.kiva.org/partners,2026-04-28,fund_portfolio_scraper_KivaUmbrella
kiva-refugee-investment-fund,caurie-microfinance,unknown,,unknown,https://www.kiva.org/partners,2026-04-28,fund_portfolio_scraper_KivaUmbrella
kiva-refugee-investment-fund,palestine-for-credit-development-faten,unknown,,unknown,https://www.kiva.org/partners,2026-04-28,fund_portfolio_scraper_KivaUmbrella
kiva-refugee-investment-fund,corporacion-interactuar,unknown,,unknown,https://www.kiva.org/partners,2026-04-28,fund_portfolio_scraper_KivaUmbrella
kiva-refugee-investment-fund,fintra,unknown,,unknown,https://www.kiva.org/partners,2026-04-28,fund_portfolio_scraper_KivaUmbrella
kiva-refugee-investment-fund,coophel-asei,unknown,,unknown,https://www.kiva.org/partners,2026-04-28,fund_portfolio_scraper_KivaUmbrella
kiva-refugee-investment-fund,avanza-solido,unknown,,unknown,https://www.kiva.org/partners,2026-04-28,fund_portfolio_scraper_KivaUmbrella
kiva-refugee-investment-fund,pro-mujer-nicaragua,unknown,,unknown,https://www.kiva.org/partners,2026-04-28,fund_portfolio_scraper_KivaUmbrella
kiva-refugee-investment-fund,jibu,unknown,,unknown,https://www.kiva.org/partners,2026-04-28,fund_portfolio_scraper_KivaUmbrella
kiva-refugee-investment-fund,ide-mozambique,unknown,,unknown,https://www.kiva.org/partners,2026-04-28,fund_portfolio_scraper_KivaUmbrella
kiva-refugee-investment-fund,assilassime-solidarite,unknown,,unknown,https://www.kiva.org/partners,2026-04-28,fund_portfolio_scraper_KivaUmbrella
kiva-refugee-investment-fund,interactuar,unknown,,unknown,https://www.kiva.org/partners,2026-04-28,fund_portfolio_scraper_KivaUmbrella
kiva-refugee-investment-fund,hekima,unknown,,unknown,https://www.kiva.org/partners,2026-04-28,fund_portfolio_scraper_KivaUmbrella
kiva-refugee-investment-fund,cidre,unknown,,unknown,https://www.kiva.org/partners,2026-04-28,fund_portfolio_scraper_KivaUmbrella
kiva-refugee-investment-fund,clecam-ejoheza-plc,unknown,,unknown,https://www.kiva.org/partners,2026-04-28,fund_portfolio_scraper_KivaUmbrella
kiva-refugee-investment-fund,jsc-imkon-finans-microfinance-organization,unknown,,unknown,https://www.kiva.org/partners,2026-04-28,fund_portfolio_scraper_KivaUmbrella
kiva-refugee-investment-fund,confiamos-colombia-sas,unknown,,unknown,https://www.kiva.org/partners,2026-04-28,fund_portfolio_scraper_KivaUmbrella
kiva-refugee-investment-fund,procredito-mexico,unknown,,unknown,https://www.kiva.org/partners,2026-04-28,fund_portfolio_scraper_KivaUmbrella
kiva-refugee-investment-fund,copeme-peru,unknown,,unknown,https://www.kiva.org/partners,2026-04-28,fund_portfolio_scraper_KivaUmbrella
kiva-refugee-investment-fund,complete-farmer-limited,unknown,,unknown,https://www.kiva.org/partners,2026-04-28,fund_portfolio_scraper_KivaUmbrella
kiva-refugee-investment-fund,finca-uganda,unknown,,unknown,https://www.kiva.org/partners,2026-04-28,fund_portfolio_scraper_KivaUmbrella
kiva-refugee-investment-fund,visionfund-senegal,unknown,,unknown,https://www.kiva.org/partners,2026-04-28,fund_portfolio_scraper_KivaUmbrella
kiva-refugee-investment-fund,apollo-agriculture,unknown,,unknown,https://www.kiva.org/partners,2026-04-28,fund_portfolio_scraper_KivaUmbrella
kiva-refugee-investment-fund,visionfund-uganda,unknown,,unknown,https://www.kiva.org/partners,2026-04-28,fund_portfolio_scraper_KivaUmbrella
kiva-refugee-investment-fund,diaconia-asociacion-para-el-desarrollo-de-paraguay-diaconia-adp,unknown,,unknown,https://www.kiva.org/partners,2026-04-28,fund_portfolio_scraper_KivaUmbrella
kiva-refugee-investment-fund,small-enterprise-development-co-ltd-sed,unknown,,unknown,https://www.kiva.org/partners,2026-04-28,fund_portfolio_scraper_KivaUmbrella
kiva-refugee-investment-fund,cooperativa-de-ahorro-y-credito-microfinanzas-prisma-coopac-mfp,unknown,,unknown,https://www.kiva.org/partners,2026-04-28,fund_portfolio_scraper_KivaUmbrella
kiva-refugee-investment-fund,aldea-global,unknown,,unknown,https://www.kiva.org/partners,2026-04-28,fund_portfolio_scraper_KivaUmbrella
kiva-refugee-investment-fund,chamroeun-microfinance-plc,unknown,,unknown,https://www.kiva.org/partners,2026-04-28,fund_portfolio_scraper_KivaUmbrella
kiva-refugee-investment-fund,mce-social-capital,unknown,,unknown,https://www.kiva.org/partners,2026-04-28,fund_portfolio_scraper_KivaUmbrella
kiva-refugee-investment-fund,cooperativa-de-ahorro-y-credito-mujeres-unidas-cacmu,unknown,,unknown,https://www.kiva.org/partners,2026-04-28,fund_portfolio_scraper_KivaUmbrella
kiva-refugee-investment-fund,ocn-prima-finantare-srl,unknown,,unknown,https://www.kiva.org/partners,2026-04-28,fund_portfolio_scraper_KivaUmbrella
kiva-refugee-investment-fund,fondesurco,unknown,,unknown,https://www.kiva.org/partners,2026-04-28,fund_portfolio_scraper_KivaUmbrella
kiva-refugee-investment-fund,nesst,unknown,,unknown,https://www.kiva.org/partners,2026-04-28,fund_portfolio_scraper_KivaUmbrella
kiva-refugee-investment-fund,milaap,unknown,,unknown,https://www.kiva.org/partners,2026-04-28,fund_portfolio_scraper_KivaUmbrella
kiva-refugee-investment-fund,priminvestnord,unknown,,unknown,https://www.kiva.org/partners,2026-04-28,fund_portfolio_scraper_KivaUmbrella
kiva-refugee-investment-fund,solar-and-energy-loan-fund-self,unknown,,unknown,https://www.kiva.org/partners,2026-04-28,fund_portfolio_scraper_KivaUmbrella
kiva-refugee-investment-fund,hand-in-hand-eastern-africa,unknown,,unknown,https://www.kiva.org/partners,2026-04-28,fund_portfolio_scraper_KivaUmbrella
kiva-refugee-investment-fund,asociacion-chajulense-de-mujeres-acmuv,unknown,,unknown,https://www.kiva.org/partners,2026-04-28,fund_portfolio_scraper_KivaUmbrella
kiva-refugee-investment-fund,entrepreneurs-du-monde-anh-chi-em,unknown,,unknown,https://www.kiva.org/partners,2026-04-28,fund_portfolio_scraper_KivaUmbrella
kiva-refugee-investment-fund,adicla,unknown,,unknown,https://www.kiva.org/partners,2026-04-28,fund_portfolio_scraper_KivaUmbrella
kiva-refugee-investment-fund,kosinvest,unknown,,unknown,https://www.kiva.org/partners,2026-04-28,fund_portfolio_scraper_KivaUmbrella
kiva-refugee-investment-fund,agro-social-fund,unknown,,unknown,https://www.kiva.org/partners,2026-04-28,fund_portfolio_scraper_KivaUmbrella
kiva-refugee-investment-fund,sistema-bio,unknown,,unknown,https://www.kiva.org/partners,2026-04-28,fund_portfolio_scraper_KivaUmbrella
kiva-refugee-investment-fund,novica,unknown,,unknown,https://www.kiva.org/partners,2026-04-28,fund_portfolio_scraper_KivaUmbrella
kiva-refugee-investment-fund,cooperativa-san-jose,unknown,,unknown,https://www.kiva.org/partners,2026-04-28,fund_portfolio_scraper_KivaUmbrella
kiva-refugee-investment-fund,visionfund-rwanda,unknown,,unknown,https://www.kiva.org/partners,2026-04-28,fund_portfolio_scraper_KivaUmbrella
kiva-refugee-investment-fund,tujijenge-tanzania,unknown,,unknown,https://www.kiva.org/partners,2026-04-28,fund_portfolio_scraper_KivaUmbrella
kiva-refugee-investment-fund,impro,unknown,,unknown,https://www.kiva.org/partners,2026-04-28,fund_portfolio_scraper_KivaUmbrella
kiva-refugee-investment-fund,asociacion-grameen-costa-rica,unknown,,unknown,https://www.kiva.org/partners,2026-04-28,fund_portfolio_scraper_KivaUmbrella
kiva-refugee-investment-fund,agricapital,unknown,,unknown,https://www.kiva.org/partners,2026-04-28,fund_portfolio_scraper_KivaUmbrella
kiva-refugee-investment-fund,borvor-finance-plc,unknown,,unknown,https://www.kiva.org/partners,2026-04-28,fund_portfolio_scraper_KivaUmbrella
kiva-refugee-investment-fund,csc-empowerment-and-inclusion-programme-ceip,unknown,,unknown,https://www.kiva.org/partners,2026-04-28,fund_portfolio_scraper_KivaUmbrella
kiva-refugee-investment-fund,summit-vision-microfinance-services-limited,unknown,,unknown,https://www.kiva.org/partners,2026-04-28,fund_portfolio_scraper_KivaUmbrella
kiva-refugee-investment-fund,eskala-inc,unknown,,unknown,https://www.kiva.org/partners,2026-04-28,fund_portfolio_scraper_KivaUmbrella
kiva-refugee-investment-fund,teledata-ict,unknown,,unknown,https://www.kiva.org/partners,2026-04-28,fund_portfolio_scraper_KivaUmbrella
kiva-refugee-investment-fund,agora-microfinance-zambia,unknown,,unknown,https://www.kiva.org/partners,2026-04-28,fund_portfolio_scraper_KivaUmbrella
kiva-refugee-investment-fund,turkish-grameen-microfinance-program-tgmp,unknown,,unknown,https://www.kiva.org/partners,2026-04-28,fund_portfolio_scraper_KivaUmbrella
kiva-refugee-investment-fund,fansoto,unknown,,unknown,https://www.kiva.org/partners,2026-04-28,fund_portfolio_scraper_KivaUmbrella
kiva-refugee-investment-fund,south-pacific-business-development-spbd-vanuatu,unknown,,unknown,https://www.kiva.org/partners,2026-04-28,fund_portfolio_scraper_KivaUmbrella
kiva-refugee-investment-fund,women-s-micro-bank-wmb,unknown,,unknown,https://www.kiva.org/partners,2026-04-28,fund_portfolio_scraper_KivaUmbrella
kiva-refugee-investment-fund,lewa-wildlife-conservancy,unknown,,unknown,https://www.kiva.org/partners,2026-04-28,fund_portfolio_scraper_KivaUmbrella
kiva-refugee-investment-fund,impact-hub,unknown,,unknown,https://www.kiva.org/partners,2026-04-28,fund_portfolio_scraper_KivaUmbrella
kiva-refugee-investment-fund,farmerline,unknown,,unknown,https://www.kiva.org/partners,2026-04-28,fund_portfolio_scraper_KivaUmbrella
kiva-refugee-investment-fund,hilltribe-organics-limited,unknown,,unknown,https://www.kiva.org/partners,2026-04-28,fund_portfolio_scraper_KivaUmbrella
kiva-refugee-investment-fund,banco-do-povo-credito-solidario,unknown,,unknown,https://www.kiva.org/partners,2026-04-28,fund_portfolio_scraper_KivaUmbrella
kiva-refugee-investment-fund,dr-bronner-s-serendipalm,unknown,,unknown,https://www.kiva.org/partners,2026-04-28,fund_portfolio_scraper_KivaUmbrella
kiva-refugee-investment-fund,cocafcal,unknown,,unknown,https://www.kiva.org/partners,2026-04-28,fund_portfolio_scraper_KivaUmbrella
kiva-refugee-investment-fund,kepler,unknown,,unknown,https://www.kiva.org/partners,2026-04-28,fund_portfolio_scraper_KivaUmbrella
kiva-refugee-investment-fund,together-association-for-development-and-environment-tade,unknown,,unknown,https://www.kiva.org/partners,2026-04-28,fund_portfolio_scraper_KivaUmbrella
kiva-refugee-investment-fund,south-pacific-business-development-spbd-solomon-islands,unknown,,unknown,https://www.kiva.org/partners,2026-04-28,fund_portfolio_scraper_KivaUmbrella
kiva-refugee-investment-fund,ibdaa-microfinance,unknown,,unknown,https://www.kiva.org/partners,2026-04-28,fund_portfolio_scraper_KivaUmbrella
kiva-refugee-investment-fund,programme-d-appui-aux-initiatives-de-developpement-economique-au-kivu-paidek,unknown,,unknown,https://www.kiva.org/partners,2026-04-28,fund_portfolio_scraper_KivaUmbrella
kiva-refugee-investment-fund,agence-communautaire-pour-le-financement-de-la-micro-entreprise-acfime,unknown,,unknown,https://www.kiva.org/partners,2026-04-28,fund_portfolio_scraper_KivaUmbrella
kiva-refugee-investment-fund,soluz-honduras,unknown,,unknown,https://www.kiva.org/partners,2026-04-28,fund_portfolio_scraper_KivaUmbrella
kiva-refugee-investment-fund,eclof-kenya,unknown,,unknown,https://www.kiva.org/partners,2026-04-28,fund_portfolio_scraper_KivaUmbrella
kiva-refugee-investment-fund,ejido-verde-reserves,unknown,,unknown,https://www.kiva.org/partners,2026-04-28,fund_portfolio_scraper_KivaUmbrella
kiva-refugee-investment-fund,wedu,unknown,,unknown,https://www.kiva.org/partners,2026-04-28,fund_portfolio_scraper_KivaUmbrella
kiva-refugee-investment-fund,vahatra,unknown,,unknown,https://www.kiva.org/partners,2026-04-28,fund_portfolio_scraper_KivaUmbrella
kiva-refugee-investment-fund,escalo-instituto-peruano-de-fomento-educativo,unknown,,unknown,https://www.kiva.org/partners,2026-04-28,fund_portfolio_scraper_KivaUmbrella
kiva-refugee-investment-fund,habitat-for-humanity-mexico,unknown,,unknown,https://www.kiva.org/partners,2026-04-28,fund_portfolio_scraper_KivaUmbrella
kiva-refugee-investment-fund,pac,unknown,,unknown,https://www.kiva.org/partners,2026-04-28,fund_portfolio_scraper_KivaUmbrella
kiva-refugee-investment-fund,kubo-financiero,unknown,,unknown,https://www.kiva.org/partners,2026-04-28,fund_portfolio_scraper_KivaUmbrella
kiva-refugee-investment-fund,eres-energia-renovable,unknown,,unknown,https://www.kiva.org/partners,2026-04-28,fund_portfolio_scraper_KivaUmbrella
kiva-refugee-investment-fund,yellow-leaf-hammocks,unknown,,unknown,https://www.kiva.org/partners,2026-04-28,fund_portfolio_scraper_KivaUmbrella
kiva-refugee-investment-fund,microstart,unknown,,unknown,https://www.kiva.org/partners,2026-04-28,fund_portfolio_scraper_KivaUmbrella
kiva-refugee-investment-fund,fudecosur,unknown,,unknown,https://www.kiva.org/partners,2026-04-28,fund_portfolio_scraper_KivaUmbrella
kiva-refugee-investment-fund,fape,unknown,,unknown,https://www.kiva.org/partners,2026-04-28,fund_portfolio_scraper_KivaUmbrella
kiva-refugee-investment-fund,esperanza-international-dominican-republic,unknown,,unknown,https://www.kiva.org/partners,2026-04-28,fund_portfolio_scraper_KivaUmbrella
kiva-refugee-investment-fund,microbanco-confianca-sa,unknown,,unknown,https://www.kiva.org/partners,2026-04-28,fund_portfolio_scraper_KivaUmbrella
kiva-refugee-investment-fund,south-pacific-business-development-spbd-samoa,unknown,,unknown,https://www.kiva.org/partners,2026-04-28,fund_portfolio_scraper_KivaUmbrella
kiva-refugee-investment-fund,degas-ghana-ltd,unknown,,unknown,https://www.kiva.org/partners,2026-04-28,fund_portfolio_scraper_KivaUmbrella
kiva-refugee-investment-fund,quipu-bank,unknown,,unknown,https://www.kiva.org/partners,2026-04-28,fund_portfolio_scraper_KivaUmbrella
kiva-refugee-investment-fund,zuri-health,unknown,,unknown,https://www.kiva.org/partners,2026-04-28,fund_portfolio_scraper_KivaUmbrella
kiva-refugee-investment-fund,viwala-s-a-p-i-de-cv,unknown,,unknown,https://www.kiva.org/partners,2026-04-28,fund_portfolio_scraper_KivaUmbrella
kiva-refugee-investment-fund,awana,unknown,,unknown,https://www.kiva.org/partners,2026-04-28,fund_portfolio_scraper_KivaUmbrella
kiva-refugee-investment-fund,someone-somewhere,unknown,,unknown,https://www.kiva.org/partners,2026-04-28,fund_portfolio_scraper_KivaUmbrella
kiva-refugee-investment-fund,dar-proyectos,unknown,,unknown,https://www.kiva.org/partners,2026-04-28,fund_portfolio_scraper_KivaUmbrella
kiva-refugee-investment-fund,liberia-cocoa-corporation,unknown,,unknown,https://www.kiva.org/partners,2026-04-28,fund_portfolio_scraper_KivaUmbrella
kiva-refugee-investment-fund,suritex-sac,unknown,,unknown,https://www.kiva.org/partners,2026-04-28,fund_portfolio_scraper_KivaUmbrella
kiva-refugee-investment-fund,diaspora-co,unknown,,unknown,https://www.kiva.org/partners,2026-04-28,fund_portfolio_scraper_KivaUmbrella
kiva-refugee-investment-fund,victoria-finance-plc,unknown,,unknown,https://www.kiva.org/partners,2026-04-28,fund_portfolio_scraper_KivaUmbrella
kiva-refugee-investment-fund,novulis,unknown,,unknown,https://www.kiva.org/partners,2026-04-28,fund_portfolio_scraper_KivaUmbrella
kiva-refugee-investment-fund,atec-global,unknown,,unknown,https://www.kiva.org/partners,2026-04-28,fund_portfolio_scraper_KivaUmbrella
kiva-refugee-investment-fund,nilus,unknown,,unknown,https://www.kiva.org/partners,2026-04-28,fund_portfolio_scraper_KivaUmbrella
kiva-refugee-investment-fund,ilara-health,unknown,,unknown,https://www.kiva.org/partners,2026-04-28,fund_portfolio_scraper_KivaUmbrella
kiva-refugee-investment-fund,fundacion-salvadorena-de-apoyo-integral-fusai,unknown,,unknown,https://www.kiva.org/partners,2026-04-28,fund_portfolio_scraper_KivaUmbrella
kiva-refugee-investment-fund,altech,unknown,,unknown,https://www.kiva.org/partners,2026-04-28,fund_portfolio_scraper_KivaUmbrella
kiva-refugee-investment-fund,opportunity-bank-uganda-ltd,unknown,,unknown,https://www.kiva.org/partners,2026-04-28,fund_portfolio_scraper_KivaUmbrella
kiva-refugee-investment-fund,jibu-tanzania,unknown,,unknown,https://www.kiva.org/partners,2026-04-28,fund_portfolio_scraper_KivaUmbrella
kiva-refugee-investment-fund,deevabits-green-energy,unknown,,unknown,https://www.kiva.org/partners,2026-04-28,fund_portfolio_scraper_KivaUmbrella
kiva-refugee-investment-fund,bidhaa-sasa,unknown,,unknown,https://www.kiva.org/partners,2026-04-28,fund_portfolio_scraper_KivaUmbrella
kiva-refugee-investment-fund,izili-madagascar,unknown,,unknown,https://www.kiva.org/partners,2026-04-28,fund_portfolio_scraper_KivaUmbrella
kiva-refugee-investment-fund,moringaconnect-inc,unknown,,unknown,https://www.kiva.org/partners,2026-04-28,fund_portfolio_scraper_KivaUmbrella
kiva-refugee-investment-fund,drinkwell,unknown,,unknown,https://www.kiva.org/partners,2026-04-28,fund_portfolio_scraper_KivaUmbrella
kiva-refugee-investment-fund,acceso-el-salvador,unknown,,unknown,https://www.kiva.org/partners,2026-04-28,fund_portfolio_scraper_KivaUmbrella
kiva-refugee-investment-fund,nucafe,unknown,,unknown,https://www.kiva.org/partners,2026-04-28,fund_portfolio_scraper_KivaUmbrella
kiva-refugee-investment-fund,cacao-de-aroma,unknown,,unknown,https://www.kiva.org/partners,2026-04-28,fund_portfolio_scraper_KivaUmbrella
kiva-refugee-investment-fund,pomona-impact-foundation,unknown,,unknown,https://www.kiva.org/partners,2026-04-28,fund_portfolio_scraper_KivaUmbrella
kiva-refugee-investment-fund,uncharted,unknown,,unknown,https://www.kiva.org/partners,2026-04-28,fund_portfolio_scraper_KivaUmbrella
kiva-refugee-investment-fund,credit-epargne-formation-cefor,unknown,,unknown,https://www.kiva.org/partners,2026-04-28,fund_portfolio_scraper_KivaUmbrella
kiva-refugee-investment-fund,reseau-de-micro-institutions-de-croissance-de-revenus-rmcr,unknown,,unknown,https://www.kiva.org/partners,2026-04-28,fund_portfolio_scraper_KivaUmbrella
kiva-refugee-investment-fund,alivio-capital,unknown,,unknown,https://www.kiva.org/partners,2026-04-28,fund_portfolio_scraper_KivaUmbrella
kiva-refugee-investment-fund,nazava-water-filters,unknown,,unknown,https://www.kiva.org/partners,2026-04-28,fund_portfolio_scraper_KivaUmbrella
kiva-refugee-investment-fund,sanergy,unknown,,unknown,https://www.kiva.org/partners,2026-04-28,fund_portfolio_scraper_KivaUmbrella
kiva-refugee-investment-fund,koret-israel-economic-development-funds-kiedf,unknown,,unknown,https://www.kiva.org/partners,2026-04-28,fund_portfolio_scraper_KivaUmbrella
kiva-refugee-investment-fund,afodenic,unknown,,unknown,https://www.kiva.org/partners,2026-04-28,fund_portfolio_scraper_KivaUmbrella
kiva-refugee-investment-fund,fundacion-pro-mujer,unknown,,unknown,https://www.kiva.org/partners,2026-04-28,fund_portfolio_scraper_KivaUmbrella
kiva-refugee-investment-fund,symplifica,unknown,,unknown,https://www.kiva.org/partners,2026-04-28,fund_portfolio_scraper_KivaUmbrella
kiva-refugee-investment-fund,bukapo-digital-sejahtera-pte-ltd,unknown,,unknown,https://www.kiva.org/partners,2026-04-28,fund_portfolio_scraper_KivaUmbrella
kiva-refugee-investment-fund,cooperativa-agraria-rutas-del-inca,unknown,,unknown,https://www.kiva.org/partners,2026-04-28,fund_portfolio_scraper_KivaUmbrella
kiva-refugee-investment-fund,novel-farm-limited,unknown,,unknown,https://www.kiva.org/partners,2026-04-28,fund_portfolio_scraper_KivaUmbrella
kiva-refugee-investment-fund,jasberry-co-ltd,unknown,,unknown,https://www.kiva.org/partners,2026-04-28,fund_portfolio_scraper_KivaUmbrella
kiva-refugee-investment-fund,motopack-sas-bic,unknown,,unknown,https://www.kiva.org/partners,2026-04-28,fund_portfolio_scraper_KivaUmbrella
kiva-refugee-investment-fund,balloon-ventures-ltd,unknown,,unknown,https://www.kiva.org/partners,2026-04-28,fund_portfolio_scraper_KivaUmbrella
kiva-refugee-investment-fund,mp-recicla-s-a-c,unknown,,unknown,https://www.kiva.org/partners,2026-04-28,fund_portfolio_scraper_KivaUmbrella
kiva-refugee-investment-fund,soluna-energia,unknown,,unknown,https://www.kiva.org/partners,2026-04-28,fund_portfolio_scraper_KivaUmbrella
kiva-refugee-investment-fund,mbay-mobility-suarl,unknown,,unknown,https://www.kiva.org/partners,2026-04-28,fund_portfolio_scraper_KivaUmbrella
kiva-refugee-investment-fund,farmworks-agriculture,unknown,,unknown,https://www.kiva.org/partners,2026-04-28,fund_portfolio_scraper_KivaUmbrella
kiva-refugee-investment-fund,smart-havens-africa,unknown,,unknown,https://www.kiva.org/partners,2026-04-28,fund_portfolio_scraper_KivaUmbrella
kiva-refugee-investment-fund,al-majmoua,unknown,,unknown,https://www.kiva.org/partners,2026-04-28,fund_portfolio_scraper_KivaUmbrella
kiva-refugee-investment-fund,albedo-solar-leasing-s-a,unknown,,unknown,https://www.kiva.org/partners,2026-04-28,fund_portfolio_scraper_KivaUmbrella
kiva-refugee-investment-fund,beeconscious-co-ltd,unknown,,unknown,https://www.kiva.org/partners,2026-04-28,fund_portfolio_scraper_KivaUmbrella
kiva-refugee-investment-fund,monet-colombia-sas,unknown,,unknown,https://www.kiva.org/partners,2026-04-28,fund_portfolio_scraper_KivaUmbrella
kiva-refugee-investment-fund,wild-hive-and-company-limited,unknown,,unknown,https://www.kiva.org/partners,2026-04-28,fund_portfolio_scraper_KivaUmbrella
kiva-refugee-investment-fund,hydrologic-social-enterprise-co-ltd,unknown,,unknown,https://www.kiva.org/partners,2026-04-28,fund_portfolio_scraper_KivaUmbrella
kiva-refugee-investment-fund,tapeffect-co,unknown,,unknown,https://www.kiva.org/partners,2026-04-28,fund_portfolio_scraper_KivaUmbrella
kiva-refugee-investment-fund,good-nature-agro-products-limited,unknown,,unknown,https://www.kiva.org/partners,2026-04-28,fund_portfolio_scraper_KivaUmbrella
kiva-refugee-investment-fund,jackfruit-finance,unknown,,unknown,https://www.kiva.org/partners,2026-04-28,fund_portfolio_scraper_KivaUmbrella
kiva-refugee-investment-fund,solenium-sas,unknown,,unknown,https://www.kiva.org/partners,2026-04-28,fund_portfolio_scraper_KivaUmbrella
kiva-refugee-investment-fund,farm-depot,unknown,,unknown,https://www.kiva.org/partners,2026-04-28,fund_portfolio_scraper_KivaUmbrella
kiva-refugee-investment-fund,brightlife-finca-plus-llc,unknown,,unknown,https://www.kiva.org/partners,2026-04-28,fund_portfolio_scraper_KivaUmbrella
kiva-refugee-investment-fund,verqor,unknown,,unknown,https://www.kiva.org/partners,2026-04-28,fund_portfolio_scraper_KivaUmbrella
kiva-refugee-investment-fund,evergreen-agro-granadas-del-sur,unknown,,unknown,https://www.kiva.org/partners,2026-04-28,fund_portfolio_scraper_KivaUmbrella
kiva-refugee-investment-fund,mpower-ventures-ag,unknown,,unknown,https://www.kiva.org/partners,2026-04-28,fund_portfolio_scraper_KivaUmbrella
kiva-refugee-investment-fund,izili-cote-d-ivoire,unknown,,unknown,https://www.kiva.org/partners,2026-04-28,fund_portfolio_scraper_KivaUmbrella
kiva-refugee-investment-fund,tivwane-money-solution,unknown,,unknown,https://www.kiva.org/partners,2026-04-28,fund_portfolio_scraper_KivaUmbrella
kiva-refugee-investment-fund,burlap-barrel,unknown,,unknown,https://www.kiva.org/partners,2026-04-28,fund_portfolio_scraper_KivaUmbrella
kiva-refugee-investment-fund,aflore,unknown,,unknown,https://www.kiva.org/partners,2026-04-28,fund_portfolio_scraper_KivaUmbrella
kiva-refugee-investment-fund,coldhubs,unknown,,unknown,https://www.kiva.org/partners,2026-04-28,fund_portfolio_scraper_KivaUmbrella
kiva-refugee-investment-fund,mountain-harvest,unknown,,unknown,https://www.kiva.org/partners,2026-04-28,fund_portfolio_scraper_KivaUmbrella
kiva-refugee-investment-fund,fisd-finance-for-agriculture-development-fifad,unknown,,unknown,https://www.kiva.org/partners,2026-04-28,fund_portfolio_scraper_KivaUmbrella
kiva-refugee-investment-fund,kuli-kuli,unknown,,unknown,https://www.kiva.org/partners,2026-04-28,fund_portfolio_scraper_KivaUmbrella
kiva-refugee-investment-fund,cherehani-africa,unknown,,unknown,https://www.kiva.org/partners,2026-04-28,fund_portfolio_scraper_KivaUmbrella
kiva-refugee-investment-fund,yikri,unknown,,unknown,https://www.kiva.org/partners,2026-04-28,fund_portfolio_scraper_KivaUmbrella
kiva-refugee-investment-fund,african-clean-energy-ace,unknown,,unknown,https://www.kiva.org/partners,2026-04-28,fund_portfolio_scraper_KivaUmbrella
kiva-refugee-investment-fund,palmis-mikwofinans-sosyal,unknown,,unknown,https://www.kiva.org/partners,2026-04-28,fund_portfolio_scraper_KivaUmbrella
kiva-refugee-investment-fund,burn-manufacturing,unknown,,unknown,https://www.kiva.org/partners,2026-04-28,fund_portfolio_scraper_KivaUmbrella
kiva-refugee-investment-fund,maharishi-education-for-invincibility-trust,unknown,,unknown,https://www.kiva.org/partners,2026-04-28,fund_portfolio_scraper_KivaUmbrella
mercy-corps-ventures,wasoko,unknown,,unknown,https://www.mercycorpsventures.com/fund-1-evergreen-fund,2026-04-28,fund_portfolio_scraper_MercyCorpsVentures
mercy-corps-ventures,verqor,unknown,,unknown,https://www.mercycorpsventures.com/fund-1-evergreen-fund,2026-04-28,fund_portfolio_scraper_MercyCorpsVentures
mercy-corps-ventures,vasham,unknown,,unknown,https://www.mercycorpsventures.com/fund-1-evergreen-fund,2026-04-28,fund_portfolio_scraper_MercyCorpsVentures
mercy-corps-ventures,umoja,unknown,,unknown,https://www.mercycorpsventures.com/fund-1-evergreen-fund,2026-04-28,fund_portfolio_scraper_MercyCorpsVentures
mercy-corps-ventures,turaco,unknown,,unknown,https://www.mercycorpsventures.com/fund-1-evergreen-fund,2026-04-28,fund_portfolio_scraper_MercyCorpsVentures
mercy-corps-ventures,tolbi,unknown,,unknown,https://www.mercycorpsventures.com/fund-1-evergreen-fund,2026-04-28,fund_portfolio_scraper_MercyCorpsVentures
mercy-corps-ventures,tappi,unknown,,unknown,https://www.mercycorpsventures.com/fund-1-evergreen-fund,2026-04-28,fund_portfolio_scraper_MercyCorpsVentures
mercy-corps-ventures,stable-foods,unknown,,unknown,https://www.mercycorpsventures.com/fund-1-evergreen-fund,2026-04-28,fund_portfolio_scraper_MercyCorpsVentures
mercy-corps-ventures,seabex,unknown,,unknown,https://www.mercycorpsventures.com/fund-1-evergreen-fund,2026-04-28,fund_portfolio_scraper_MercyCorpsVentures
mercy-corps-ventures,satellitesonfire,unknown,,unknown,https://www.mercycorpsventures.com/fund-1-evergreen-fund,2026-04-28,fund_portfolio_scraper_MercyCorpsVentures
mercy-corps-ventures,pula-advisors,unknown,,unknown,https://www.mercycorpsventures.com/fund-1-evergreen-fund,2026-04-28,fund_portfolio_scraper_MercyCorpsVentures
mercy-corps-ventures,poweredbypeople,unknown,,unknown,https://www.mercycorpsventures.com/fund-1-evergreen-fund,2026-04-28,fund_portfolio_scraper_MercyCorpsVentures
mercy-corps-ventures,yourpower,unknown,,unknown,https://www.mercycorpsventures.com/fund-1-evergreen-fund,2026-04-28,fund_portfolio_scraper_MercyCorpsVentures
mercy-corps-ventures,popularpower,unknown,,unknown,https://www.mercycorpsventures.com/fund-1-evergreen-fund,2026-04-28,fund_portfolio_scraper_MercyCorpsVentures
mercy-corps-ventures,poasbioenergy,unknown,,unknown,https://www.mercycorpsventures.com/fund-1-evergreen-fund,2026-04-28,fund_portfolio_scraper_MercyCorpsVentures
mercy-corps-ventures,payhippo,unknown,,unknown,https://www.mercycorpsventures.com/fund-1-evergreen-fund,2026-04-28,fund_portfolio_scraper_MercyCorpsVentures
mercy-corps-ventures,openforestprotocol,unknown,,unknown,https://www.mercycorpsventures.com/fund-1-evergreen-fund,2026-04-28,fund_portfolio_scraper_MercyCorpsVentures
mercy-corps-ventures,oko,unknown,,unknown,https://www.mercycorpsventures.com/fund-1-evergreen-fund,2026-04-28,fund_portfolio_scraper_MercyCorpsVentures
mercy-corps-ventures,ndovu,unknown,,unknown,https://www.mercycorpsventures.com/fund-1-evergreen-fund,2026-04-28,fund_portfolio_scraper_MercyCorpsVentures
mercy-corps-ventures,microrisk,unknown,,unknown,https://www.mercycorpsventures.com/fund-1-evergreen-fund,2026-04-28,fund_portfolio_scraper_MercyCorpsVentures
mercy-corps-ventures,meridia,unknown,,unknown,https://www.mercycorpsventures.com/fund-1-evergreen-fund,2026-04-28,fund_portfolio_scraper_MercyCorpsVentures
mercy-corps-ventures,mazaohub,unknown,,unknown,https://www.mercycorpsventures.com/fund-1-evergreen-fund,2026-04-28,fund_portfolio_scraper_MercyCorpsVentures
mercy-corps-ventures,liftit,unknown,,unknown,https://www.mercycorpsventures.com/fund-1-evergreen-fund,2026-04-28,fund_portfolio_scraper_MercyCorpsVentures
mercy-corps-ventures,kwanzatukule,unknown,,unknown,https://www.mercycorpsventures.com/fund-1-evergreen-fund,2026-04-28,fund_portfolio_scraper_MercyCorpsVentures
mercy-corps-ventures,kofa,unknown,,unknown,https://www.mercycorpsventures.com/fund-1-evergreen-fund,2026-04-28,fund_portfolio_scraper_MercyCorpsVentures
mercy-corps-ventures,kalpayfinancials,unknown,,unknown,https://www.mercycorpsventures.com/fund-1-evergreen-fund,2026-04-28,fund_portfolio_scraper_MercyCorpsVentures
mercy-corps-ventures,imalipay,unknown,,unknown,https://www.mercycorpsventures.com/fund-1-evergreen-fund,2026-04-28,fund_portfolio_scraper_MercyCorpsVentures
mercy-corps-ventures,ignitia,unknown,,unknown,https://www.mercycorpsventures.com/fund-1-evergreen-fund,2026-04-28,fund_portfolio_scraper_MercyCorpsVentures
mercy-corps-ventures,harvesting,unknown,,unknown,https://www.mercycorpsventures.com/fund-1-evergreen-fund,2026-04-28,fund_portfolio_scraper_MercyCorpsVentures
mercy-corps-ventures,goldfinch,unknown,,unknown,https://www.mercycorpsventures.com/fund-1-evergreen-fund,2026-04-28,fund_portfolio_scraper_MercyCorpsVentures
mercy-corps-ventures,floodbase,unknown,,unknown,https://www.mercycorpsventures.com/fund-1-evergreen-fund,2026-04-28,fund_portfolio_scraper_MercyCorpsVentures
mercy-corps-ventures,fibrazo,unknown,,unknown,https://www.mercycorpsventures.com/fund-1-evergreen-fund,2026-04-28,fund_portfolio_scraper_MercyCorpsVentures
mercy-corps-ventures,epoch,unknown,,unknown,https://www.mercycorpsventures.com/fund-1-evergreen-fund,2026-04-28,fund_portfolio_scraper_MercyCorpsVentures
mercy-corps-ventures,ejara,unknown,,unknown,https://www.mercycorpsventures.com/fund-1-evergreen-fund,2026-04-28,fund_portfolio_scraper_MercyCorpsVentures
mercy-corps-ventures,completefarmer,unknown,,unknown,https://www.mercycorpsventures.com/fund-1-evergreen-fund,2026-04-28,fund_portfolio_scraper_MercyCorpsVentures
mercy-corps-ventures,cinch-markets-ltd,unknown,,unknown,https://www.mercycorpsventures.com/fund-1-evergreen-fund,2026-04-28,fund_portfolio_scraper_MercyCorpsVentures
mercy-corps-ventures,boost,unknown,,unknown,https://www.mercycorpsventures.com/fund-1-evergreen-fund,2026-04-28,fund_portfolio_scraper_MercyCorpsVentures
mercy-corps-ventures,bloomscapital,unknown,,unknown,https://www.mercycorpsventures.com/fund-1-evergreen-fund,2026-04-28,fund_portfolio_scraper_MercyCorpsVentures
mercy-corps-ventures,bitmama,unknown,,unknown,https://www.mercycorpsventures.com/fund-1-evergreen-fund,2026-04-28,fund_portfolio_scraper_MercyCorpsVentures
mercy-corps-ventures,arifu,unknown,,unknown,https://www.mercycorpsventures.com/fund-1-evergreen-fund,2026-04-28,fund_portfolio_scraper_MercyCorpsVentures
mercy-corps-ventures,aquarech,unknown,,unknown,https://www.mercycorpsventures.com/fund-1-evergreen-fund,2026-04-28,fund_portfolio_scraper_MercyCorpsVentures
mercy-corps-ventures,agrails,unknown,,unknown,https://www.mercycorpsventures.com/fund-1-evergreen-fund,2026-04-28,fund_portfolio_scraper_MercyCorpsVentures
mercy-corps-ventures,agriaku,unknown,,unknown,https://www.mercycorpsventures.com/fund-1-evergreen-fund,2026-04-28,fund_portfolio_scraper_MercyCorpsVentures
mercy-corps-ventures,abacocapital,unknown,,unknown,https://www.mercycorpsventures.com/fund-1-evergreen-fund,2026-04-28,fund_portfolio_scraper_MercyCorpsVentures
