Company Name,Company Slug,Website,HQ Country,Sector,Stage,Status,Pipeline Status,Notes
A2P,a2p,https://www.agdevco.com/our-investments/a2p/,,,,active,pending_onboard,
Cashew Coast,cashew-coast,https://www.agdevco.com/our-investments/cashew-coast/,,,,active,pending_onboard,
DekelOil,dekeloil,https://www.agdevco.com/our-investments/dekeloil/,,,,active,pending_onboard,
East Africa Magical Farms,emf,https://www.agdevco.com/our-investments/emf/,,,,active,pending_onboard,
Hatch Africa,feav,https://www.agdevco.com/our-investments/feav/,,,,active,pending_onboard,
Tropo Farms,tropo,https://www.agdevco.com/our-investments/tropo/,,,,active,pending_onboard,
Agris,agris,https://www.agdevco.com/our-investments/agris/,,,,active,pending_onboard,
Agventure,agventure,https://www.agdevco.com/our-investments/agventure/,,,,active,pending_onboard,
Evergreen Avocado Limited,evergreen-avocado-limited,https://www.agdevco.com/our-investments/evergreen-avocado-limited/,,,,active,pending_onboard,
Sagana Nuts,sagana-nuts,https://www.agdevco.com/our-investments/sagana-nuts/,,,,active,pending_onboard,
Victory Group,victory-farms-limited,https://www.agdevco.com/our-investments/victory-farms-limited/,,,,active,pending_onboard,
Jacoma,jacoma-tropha,https://www.agdevco.com/our-investments/jacoma-tropha/,,,,active,pending_onboard,
Kasinthula,kasinthula,https://www.agdevco.com/our-investments/kasinthula/,,,,active,pending_onboard,
Dawson,dowson,https://www.agdevco.com/our-investments/dowson/,,,,active,pending_onboard,
ECA,eca,https://www.agdevco.com/our-investments/eca/,,,,active,pending_onboard,
Quinta da Bela Vista Limitada (QBV),quinta-da-bela-vista-limitada-qbv,https://www.agdevco.com/our-investments/quinta-da-bela-vista-limitada-qbv/,,,,active,pending_onboard,
Transurban,transurban,https://www.agdevco.com/our-investments/transurban/,,,,active,pending_onboard,
Westfalia Fruto,westfalia-fruto,https://www.agdevco.com/our-investments/westfalia-fruto/,,,,active,pending_onboard,
Planting Naturals,planting-naturals,https://www.agdevco.com/our-investments/planting-naturals/,,,,active,pending_onboard,
Agristar,agristar,https://www.agdevco.com/our-investments/agristar/,,,,active,pending_onboard,
Skutwater,skutwater,https://www.agdevco.com/our-investments/skutwater/,,,,active,pending_onboard,
Africado,africado,https://www.agdevco.com/our-investments/africado/,,,,active,pending_onboard,
EFAfrica Group,efafrica-group,https://www.agdevco.com/our-investments/efafrica-group/,,,,active,pending_onboard,
Pee Pee Tanzania Limited (PPTL),pee-pee-tanzania-limited-pptl,https://www.agdevco.com/our-investments/pee-pee-tanzania-limited-pptl/,,,,active,pending_onboard,
New Forests Company,new-forests-company,https://www.agdevco.com/our-investments/new-forests-company/,,,,active,pending_onboard,
Hybrid Poultry,hybrid-poultry,https://www.agdevco.com/our-investments/hybrid-poultry/,,,,active,pending_onboard,
Katito Farming Enterprises Ltd,katito-farming-enterprises-ltd,https://www.agdevco.com/our-investments/katito-farming-enterprises-ltd/,,,,active,pending_onboard,
Saise Farming Enterprises Ltd (SFEL),saise-farming-enterprises-ltd-sfel,https://www.agdevco.com/our-investments/saise-farming-enterprises-ltd-sfel/,,,,active,pending_onboard,
Organizacion de Desarrollo Empresarial Femenino (ODEF),organizacion-de-desarrollo-empresarial-femenino-odef,https://www.kiva.org/about/where-kiva-works/partners/201,Honduras,,,active,pending_onboard,Kiva umbrella attribution; refine to KRIF subset in enrichment
CrediCampo,credicampo,https://www.kiva.org/about/where-kiva-works/partners/199,El Salvador,,,active,pending_onboard,Kiva umbrella attribution; refine to KRIF subset in enrichment
IMON International,imon-international,https://www.kiva.org/about/where-kiva-works/partners/100,Tajikistan,,,active,pending_onboard,Kiva umbrella attribution; refine to KRIF subset in enrichment
"CJSC ""HUMO BANK""",cjsc-humo-bank,https://www.kiva.org/about/where-kiva-works/partners/63,Tajikistan,,,active,pending_onboard,Kiva umbrella attribution; refine to KRIF subset in enrichment
Banco Da Familia,banco-da-familia,https://www.kiva.org/about/where-kiva-works/partners/705,Brazil,,,active,pending_onboard,Kiva umbrella attribution; refine to KRIF subset in enrichment
Arnur Credit,arnur-credit,https://www.kiva.org/about/where-kiva-works/partners/698,Kazakhstan,,,active,pending_onboard,Kiva umbrella attribution; refine to KRIF subset in enrichment
Asian Credit Fund LLC,asian-credit-fund-llc,https://www.kiva.org/about/where-kiva-works/partners/670,Kazakhstan,,,active,pending_onboard,Kiva umbrella attribution; refine to KRIF subset in enrichment
Bailyk Finance Microcredit Company,bailyk-finance-microcredit-company,https://www.kiva.org/about/where-kiva-works/partners/661,Kyrgyzstan,,,active,pending_onboard,Kiva umbrella attribution; refine to KRIF subset in enrichment
FINAMIGA UNI2,finamiga-uni2,https://www.kiva.org/about/where-kiva-works/partners/621,Colombia,,,active,pending_onboard,Kiva umbrella attribution; refine to KRIF subset in enrichment
FUNDENUSE,fundenuse,https://www.kiva.org/about/where-kiva-works/partners/590,Nicaragua,,,active,pending_onboard,Kiva umbrella attribution; refine to KRIF subset in enrichment
Camfed Ghana,camfed-ghana,https://www.kiva.org/about/where-kiva-works/partners/458,Ghana,,,active,pending_onboard,Kiva umbrella attribution; refine to KRIF subset in enrichment
iDE Cambodia,ide-cambodia,https://www.kiva.org/about/where-kiva-works/partners/311,Cambodia,,,active,pending_onboard,Kiva umbrella attribution; refine to KRIF subset in enrichment
Kashf Foundation,kashf-foundation,https://www.kiva.org/about/where-kiva-works/partners/245,Pakistan,,,active,pending_onboard,Kiva umbrella attribution; refine to KRIF subset in enrichment
UGAFODE Microfinance,ugafode-microfinance,https://www.kiva.org/about/where-kiva-works/partners/222,Uganda,,,active,pending_onboard,Kiva umbrella attribution; refine to KRIF subset in enrichment
One Acre Fund,one-acre-fund,https://www.kiva.org/about/where-kiva-works/partners/202,Kenya,,,active,pending_onboard,Kiva umbrella attribution; refine to KRIF subset in enrichment
VisionFund Ecuador,visionfund-ecuador,https://www.kiva.org/about/where-kiva-works/partners/188,Ecuador,,,active,pending_onboard,Kiva umbrella attribution; refine to KRIF subset in enrichment
BRAC Liberia Microfinance Company Limited (BLMCL).,brac-liberia-microfinance-company-limited-blmcl,https://www.kiva.org/about/where-kiva-works/partners/182,Liberia,,,active,pending_onboard,Kiva umbrella attribution; refine to KRIF subset in enrichment
Credo,credo,https://www.kiva.org/about/where-kiva-works/partners/181,Georgia,,,active,pending_onboard,Kiva umbrella attribution; refine to KRIF subset in enrichment
PADECOMSM,padecomsm,https://www.kiva.org/about/where-kiva-works/partners/167,El Salvador,,,active,pending_onboard,Kiva umbrella attribution; refine to KRIF subset in enrichment
Negros Women for Tomorrow Foundation (NWTF),negros-women-for-tomorrow-foundation-nwtf,https://www.kiva.org/about/where-kiva-works/partners/145,Philippines,,,active,pending_onboard,Kiva umbrella attribution; refine to KRIF subset in enrichment
"Community Economic Ventures, Inc. (CEVI)",community-economic-ventures-inc-cevi,https://www.kiva.org/about/where-kiva-works/partners/125,Philippines,,,active,pending_onboard,Kiva umbrella attribution; refine to KRIF subset in enrichment
Fundación Paraguaya,fundacion-paraguaya,https://www.kiva.org/about/where-kiva-works/partners/58,Paraguay,,,active,pending_onboard,Kiva umbrella attribution; refine to KRIF subset in enrichment
Phillip Bank,phillip-bank,https://www.kiva.org/about/where-kiva-works/partners/9,Cambodia,,,active,pending_onboard,Kiva umbrella attribution; refine to KRIF subset in enrichment
EBO SACCO,ebo-sacco,https://www.kiva.org/about/where-kiva-works/partners/685,Uganda,,,active,pending_onboard,Kiva umbrella attribution; refine to KRIF subset in enrichment
Camfed Malawi,camfed-malawi,https://www.kiva.org/about/where-kiva-works/partners/561,Malawi,,,active,pending_onboard,Kiva umbrella attribution; refine to KRIF subset in enrichment
Microfund for Women,microfund-for-women,https://www.kiva.org/about/where-kiva-works/partners/550,Jordan,,,active,pending_onboard,Kiva umbrella attribution; refine to KRIF subset in enrichment
South Pacific Business Development (SPBD) - Tonga,south-pacific-business-development-spbd-tonga,https://www.kiva.org/about/where-kiva-works/partners/549,Tonga,,,active,pending_onboard,Kiva umbrella attribution; refine to KRIF subset in enrichment
iDE Ghana,ide-ghana,https://www.kiva.org/about/where-kiva-works/partners/538,Ghana,,,active,pending_onboard,Kiva umbrella attribution; refine to KRIF subset in enrichment
Camfed Zambia,camfed-zambia,https://www.kiva.org/about/where-kiva-works/partners/483,Zambia,,,active,pending_onboard,Kiva umbrella attribution; refine to KRIF subset in enrichment
Babban Gona Farmers Organization,babban-gona-farmers-organization,https://www.kiva.org/about/where-kiva-works/partners/288,Nigeria,,,active,pending_onboard,Kiva umbrella attribution; refine to KRIF subset in enrichment
National Microfinance Bank,national-microfinance-bank,https://www.kiva.org/about/where-kiva-works/partners/185,Jordan,,,active,pending_onboard,Kiva umbrella attribution; refine to KRIF subset in enrichment
BRAC Sierra Leone,brac-sierra-leone,https://www.kiva.org/about/where-kiva-works/partners/183,Sierra Leone,,,active,pending_onboard,Kiva umbrella attribution; refine to KRIF subset in enrichment
Bai Tushum Bank,bai-tushum-bank,https://www.kiva.org/about/where-kiva-works/partners/171,Kyrgyzstan,,,active,pending_onboard,Kiva umbrella attribution; refine to KRIF subset in enrichment
Juhudi Kilimo,juhudi-kilimo,https://www.kiva.org/about/where-kiva-works/partners/156,Kenya,,,active,pending_onboard,Kiva umbrella attribution; refine to KRIF subset in enrichment
EDESA,edesa,https://www.kiva.org/about/where-kiva-works/partners/127,Costa Rica,,,active,pending_onboard,Kiva umbrella attribution; refine to KRIF subset in enrichment
Thanh Hoa Microfinance Institution,thanh-hoa-microfinance-institution,https://www.kiva.org/about/where-kiva-works/partners/121,Vietnam,,,active,pending_onboard,Kiva umbrella attribution; refine to KRIF subset in enrichment
Prisma Honduras,prisma-honduras,https://www.kiva.org/about/where-kiva-works/partners/118,Honduras,,,active,pending_onboard,Kiva umbrella attribution; refine to KRIF subset in enrichment
Apoyo Integral,apoyo-integral,https://www.kiva.org/about/where-kiva-works/partners/81,El Salvador,,,active,pending_onboard,Kiva umbrella attribution; refine to KRIF subset in enrichment
BRAC Uganda,brac-uganda,https://www.kiva.org/about/where-kiva-works/partners/65,Uganda,,,active,pending_onboard,Kiva umbrella attribution; refine to KRIF subset in enrichment
Friendship Bridge,friendship-bridge,https://www.kiva.org/about/where-kiva-works/partners/55,Guatemala,,,active,pending_onboard,Kiva umbrella attribution; refine to KRIF subset in enrichment
Conserva,conserva,https://www.kiva.org/about/where-kiva-works/partners/655,Mexico,,,active,pending_onboard,Kiva umbrella attribution; refine to KRIF subset in enrichment
VisionFund Mongolia,visionfund-mongolia,https://www.kiva.org/about/where-kiva-works/partners/654,Mongolia,,,active,pending_onboard,Kiva umbrella attribution; refine to KRIF subset in enrichment
d.light design,d-light-design,https://www.kiva.org/about/where-kiva-works/partners/609,Namibia,,,active,pending_onboard,Kiva umbrella attribution; refine to KRIF subset in enrichment
South Pacific Business Development (SPBD) - Fiji,south-pacific-business-development-spbd-fiji,https://www.kiva.org/about/where-kiva-works/partners/562,Fiji,,,active,pending_onboard,Kiva umbrella attribution; refine to KRIF subset in enrichment
Cooperativa de Ahorro y Crédito Norandino,cooperativa-de-ahorro-y-credito-norandino,https://www.kiva.org/about/where-kiva-works/partners/484,Peru,,,active,pending_onboard,Kiva umbrella attribution; refine to KRIF subset in enrichment
Benteng Mikro Indonesia (BMI),benteng-mikro-indonesia-bmi,https://www.kiva.org/about/where-kiva-works/partners/406,Indonesia,,,active,pending_onboard,Kiva umbrella attribution; refine to KRIF subset in enrichment
Inkomoko,inkomoko,https://www.kiva.org/about/where-kiva-works/partners/319,Rwanda,,,active,pending_onboard,Kiva umbrella attribution; refine to KRIF subset in enrichment
FUNDAPEC,fundapec,https://www.kiva.org/about/where-kiva-works/partners/298,Dominican Republic,,,active,pending_onboard,Kiva umbrella attribution; refine to KRIF subset in enrichment
Kaebauk,kaebauk,https://www.kiva.org/about/where-kiva-works/partners/243,Timor-Leste,,,active,pending_onboard,Kiva umbrella attribution; refine to KRIF subset in enrichment
Strathmore University,strathmore-university,https://www.kiva.org/about/where-kiva-works/partners/218,Kenya,,,active,pending_onboard,Kiva umbrella attribution; refine to KRIF subset in enrichment
MiCredito,micredito,https://www.kiva.org/about/where-kiva-works/partners/176,Nicaragua,,,active,pending_onboard,Kiva umbrella attribution; refine to KRIF subset in enrichment
Urwego Bank,urwego-bank,https://www.kiva.org/about/where-kiva-works/partners/161,Rwanda,,,active,pending_onboard,Kiva umbrella attribution; refine to KRIF subset in enrichment
Fundación ESPOIR,fundacion-espoir,https://www.kiva.org/about/where-kiva-works/partners/137,Ecuador,,,active,pending_onboard,Kiva umbrella attribution; refine to KRIF subset in enrichment
VisionFund Kenya,visionfund-kenya,https://www.kiva.org/about/where-kiva-works/partners/133,Kenya,,,active,pending_onboard,Kiva umbrella attribution; refine to KRIF subset in enrichment
Vision Fund Mexico,vision-fund-mexico,https://www.kiva.org/about/where-kiva-works/partners/130,Mexico,,,active,pending_onboard,Kiva umbrella attribution; refine to KRIF subset in enrichment
Asociación Arariwa,asociacion-arariwa,https://www.kiva.org/about/where-kiva-works/partners/119,Peru,,,active,pending_onboard,Kiva umbrella attribution; refine to KRIF subset in enrichment
CAURIE Microfinance,caurie-microfinance,https://www.kiva.org/about/where-kiva-works/partners/105,Senegal,,,active,pending_onboard,Kiva umbrella attribution; refine to KRIF subset in enrichment
Palestine for Credit & Development (FATEN),palestine-for-credit-development-faten,https://www.kiva.org/about/where-kiva-works/partners/80,Palestine,,,active,pending_onboard,Kiva umbrella attribution; refine to KRIF subset in enrichment
Corporacion Interactuar,corporacion-interactuar,https://www.kiva.org/about/where-kiva-works/partners/701,Colombia,,,active,pending_onboard,Kiva umbrella attribution; refine to KRIF subset in enrichment
Fintra,fintra,https://www.kiva.org/about/where-kiva-works/partners/688,Colombia,,,active,pending_onboard,Kiva umbrella attribution; refine to KRIF subset in enrichment
COOPHEL ASEI,coophel-asei,https://www.kiva.org/about/where-kiva-works/partners/652,El Salvador,,,active,pending_onboard,Kiva umbrella attribution; refine to KRIF subset in enrichment
Avanza Sólido,avanza-solido,https://www.kiva.org/about/where-kiva-works/partners/650,Mexico,,,active,pending_onboard,Kiva umbrella attribution; refine to KRIF subset in enrichment
Pro Mujer Nicaragua,pro-mujer-nicaragua,https://www.kiva.org/about/where-kiva-works/partners/607,Nicaragua,,,active,pending_onboard,Kiva umbrella attribution; refine to KRIF subset in enrichment
Jibu,jibu,https://www.kiva.org/about/where-kiva-works/partners/493,Uganda,,,active,pending_onboard,Kiva umbrella attribution; refine to KRIF subset in enrichment
iDE Mozambique,ide-mozambique,https://www.kiva.org/about/where-kiva-works/partners/468,Mozambique,,,active,pending_onboard,Kiva umbrella attribution; refine to KRIF subset in enrichment
Assilassimé Solidarité,assilassime-solidarite,https://www.kiva.org/about/where-kiva-works/partners/296,Togo,,,active,pending_onboard,Kiva umbrella attribution; refine to KRIF subset in enrichment
Interactuar,interactuar,https://www.kiva.org/about/where-kiva-works/partners/177,Colombia,,,active,pending_onboard,Kiva umbrella attribution; refine to KRIF subset in enrichment
Hekima,hekima,https://www.kiva.org/about/where-kiva-works/partners/160,Congo (DRC),,,active,pending_onboard,Kiva umbrella attribution; refine to KRIF subset in enrichment
CIDRE,cidre,https://www.kiva.org/about/where-kiva-works/partners/140,Bolivia,,,active,pending_onboard,Kiva umbrella attribution; refine to KRIF subset in enrichment
CLECAM EJOHEZA Plc,clecam-ejoheza-plc,https://www.kiva.org/about/where-kiva-works/partners/682,Rwanda,,,active,pending_onboard,Kiva umbrella attribution; refine to KRIF subset in enrichment
JSC Imkon Finans Microfinance organization,jsc-imkon-finans-microfinance-organization,https://www.kiva.org/about/where-kiva-works/partners/675,Uzbekistan,,,active,pending_onboard,Kiva umbrella attribution; refine to KRIF subset in enrichment
Confiamos Colombia SAS,confiamos-colombia-sas,https://www.kiva.org/about/where-kiva-works/partners/667,Colombia,,,active,pending_onboard,Kiva umbrella attribution; refine to KRIF subset in enrichment
Procredito Mexico,procredito-mexico,https://www.kiva.org/about/where-kiva-works/partners/648,Mexico,,,active,pending_onboard,Kiva umbrella attribution; refine to KRIF subset in enrichment
COPEME Perú,copeme-peru,https://www.kiva.org/about/where-kiva-works/partners/644,Peru,,,active,pending_onboard,Kiva umbrella attribution; refine to KRIF subset in enrichment
FINCA Uganda,finca-uganda,https://www.kiva.org/about/where-kiva-works/partners/633,Uganda,,,active,pending_onboard,Kiva umbrella attribution; refine to KRIF subset in enrichment
VisionFund Senegal,visionfund-senegal,https://www.kiva.org/about/where-kiva-works/partners/605,Senegal,,,active,pending_onboard,Kiva umbrella attribution; refine to KRIF subset in enrichment
Apollo Agriculture,apollo-agriculture,https://www.kiva.org/about/where-kiva-works/partners/596,Kenya,,,active,pending_onboard,Kiva umbrella attribution; refine to KRIF subset in enrichment
VisionFund Uganda,visionfund-uganda,https://www.kiva.org/about/where-kiva-works/partners/588,Uganda,,,active,pending_onboard,Kiva umbrella attribution; refine to KRIF subset in enrichment
Diaconía Asociacion para el Desarrollo de Paraguay (Diaconía ADP),diaconia-asociacion-para-el-desarrollo-de-paraguay-diaconia-adp,https://www.kiva.org/about/where-kiva-works/partners/567,Paraguay,,,active,pending_onboard,Kiva umbrella attribution; refine to KRIF subset in enrichment
"Small Enterprise Development Co., Ltd. (SED)",small-enterprise-development-co-ltd-sed,https://www.kiva.org/about/where-kiva-works/partners/564,Thailand,,,active,pending_onboard,Kiva umbrella attribution; refine to KRIF subset in enrichment
Cooperativa de Ahorro y Crédito Microfinanzas Prisma (COOPAC MFP),cooperativa-de-ahorro-y-credito-microfinanzas-prisma-coopac-mfp,https://www.kiva.org/about/where-kiva-works/partners/554,Peru,,,active,pending_onboard,Kiva umbrella attribution; refine to KRIF subset in enrichment
Aldea Global,aldea-global,https://www.kiva.org/about/where-kiva-works/partners/507,Nicaragua,,,active,pending_onboard,Kiva umbrella attribution; refine to KRIF subset in enrichment
Chamroeun Microfinance Plc,chamroeun-microfinance-plc,https://www.kiva.org/about/where-kiva-works/partners/499,Cambodia,,,active,pending_onboard,Kiva umbrella attribution; refine to KRIF subset in enrichment
MCE Social Capital,mce-social-capital,https://www.kiva.org/about/where-kiva-works/partners/478,United States,,,active,pending_onboard,Kiva umbrella attribution; refine to KRIF subset in enrichment
Cooperativa de Ahorro y Crédito Mujeres Unidas (CACMU),cooperativa-de-ahorro-y-credito-mujeres-unidas-cacmu,https://www.kiva.org/about/where-kiva-works/partners/457,Ecuador,,,active,pending_onboard,Kiva umbrella attribution; refine to KRIF subset in enrichment
OCN Prima Finantare SRL,ocn-prima-finantare-srl,https://www.kiva.org/about/where-kiva-works/partners/454,Moldova,,,active,pending_onboard,Kiva umbrella attribution; refine to KRIF subset in enrichment
Fondesurco,fondesurco,https://www.kiva.org/about/where-kiva-works/partners/435,Peru,,,active,pending_onboard,Kiva umbrella attribution; refine to KRIF subset in enrichment
NESsT,nesst,https://www.kiva.org/about/where-kiva-works/partners/429,Brazil,,,active,pending_onboard,Kiva umbrella attribution; refine to KRIF subset in enrichment
Milaap,milaap,https://www.kiva.org/about/where-kiva-works/partners/428,India,,,active,pending_onboard,Kiva umbrella attribution; refine to KRIF subset in enrichment
Priminvestnord,priminvestnord,https://www.kiva.org/about/where-kiva-works/partners/413,Moldova,,,active,pending_onboard,Kiva umbrella attribution; refine to KRIF subset in enrichment
Solar and Energy Loan Fund (SELF),solar-and-energy-loan-fund-self,https://www.kiva.org/about/where-kiva-works/partners/395,United States,,,active,pending_onboard,Kiva umbrella attribution; refine to KRIF subset in enrichment
Hand in Hand Eastern Africa,hand-in-hand-eastern-africa,https://www.kiva.org/about/where-kiva-works/partners/388,Kenya,,,active,pending_onboard,Kiva umbrella attribution; refine to KRIF subset in enrichment
Asociación Chajulense de Mujeres (ACMUV),asociacion-chajulense-de-mujeres-acmuv,https://www.kiva.org/about/where-kiva-works/partners/369,Guatemala,,,active,pending_onboard,Kiva umbrella attribution; refine to KRIF subset in enrichment
Entrepreneurs du Monde - Anh Chi Em,entrepreneurs-du-monde-anh-chi-em,https://www.kiva.org/about/where-kiva-works/partners/342,Vietnam,,,active,pending_onboard,Kiva umbrella attribution; refine to KRIF subset in enrichment
ADICLA,adicla,https://www.kiva.org/about/where-kiva-works/partners/246,Guatemala,,,active,pending_onboard,Kiva umbrella attribution; refine to KRIF subset in enrichment
KosInvest,kosinvest,https://www.kiva.org/about/where-kiva-works/partners/240,Kosovo,,,active,pending_onboard,Kiva umbrella attribution; refine to KRIF subset in enrichment
Agro & Social Fund,agro-social-fund,https://www.kiva.org/about/where-kiva-works/partners/239,Albania,,,active,pending_onboard,Kiva umbrella attribution; refine to KRIF subset in enrichment
Sistema.bio,sistema-bio,https://www.kiva.org/about/where-kiva-works/partners/226,Mexico,,,active,pending_onboard,Kiva umbrella attribution; refine to KRIF subset in enrichment
Novica,novica,https://www.kiva.org/about/where-kiva-works/partners/225,Nicaragua,,,active,pending_onboard,Kiva umbrella attribution; refine to KRIF subset in enrichment
Cooperativa San Jose,cooperativa-san-jose,https://www.kiva.org/about/where-kiva-works/partners/159,Ecuador,,,active,pending_onboard,Kiva umbrella attribution; refine to KRIF subset in enrichment
VisionFund Rwanda,visionfund-rwanda,https://www.kiva.org/about/where-kiva-works/partners/117,Rwanda,,,active,pending_onboard,Kiva umbrella attribution; refine to KRIF subset in enrichment
Tujijenge Tanzania,tujijenge-tanzania,https://www.kiva.org/about/where-kiva-works/partners/87,Tanzania,,,active,pending_onboard,Kiva umbrella attribution; refine to KRIF subset in enrichment
IMPRO,impro,https://www.kiva.org/about/where-kiva-works/partners/48,Bolivia,,,active,pending_onboard,Kiva umbrella attribution; refine to KRIF subset in enrichment
Asociación Grameen Costa Rica,asociacion-grameen-costa-rica,https://www.kiva.org/about/where-kiva-works/partners/700,Costa Rica,,,active,pending_onboard,Kiva umbrella attribution; refine to KRIF subset in enrichment
Agricapital,agricapital,https://www.kiva.org/about/where-kiva-works/partners/690,Colombia,,,active,pending_onboard,Kiva umbrella attribution; refine to KRIF subset in enrichment
Borvor Finance Plc.,borvor-finance-plc,https://www.kiva.org/about/where-kiva-works/partners/678,Cambodia,,,active,pending_onboard,Kiva umbrella attribution; refine to KRIF subset in enrichment
CSC Empowerment and Inclusion Programme (CEIP),csc-empowerment-and-inclusion-programme-ceip,https://www.kiva.org/about/where-kiva-works/partners/666,Pakistan,,,active,pending_onboard,Kiva umbrella attribution; refine to KRIF subset in enrichment
Summit Vision Microfinance Services Limited,summit-vision-microfinance-services-limited,https://www.kiva.org/about/where-kiva-works/partners/664,Ghana,,,active,pending_onboard,Kiva umbrella attribution; refine to KRIF subset in enrichment
Eskala Inc,eskala-inc,https://www.kiva.org/about/where-kiva-works/partners/651,Honduras,,,active,pending_onboard,Kiva umbrella attribution; refine to KRIF subset in enrichment
Teledata ICT,teledata-ict,https://www.kiva.org/about/where-kiva-works/partners/641,Ghana,,,active,pending_onboard,Kiva umbrella attribution; refine to KRIF subset in enrichment
Agora Microfinance Zambia,agora-microfinance-zambia,https://www.kiva.org/about/where-kiva-works/partners/638,Zambia,,,active,pending_onboard,Kiva umbrella attribution; refine to KRIF subset in enrichment
Turkish Grameen Microfinance Program (TGMP),turkish-grameen-microfinance-program-tgmp,https://www.kiva.org/about/where-kiva-works/partners/622,Turkey,,,active,pending_onboard,Kiva umbrella attribution; refine to KRIF subset in enrichment
Fansoto,fansoto,https://www.kiva.org/about/where-kiva-works/partners/615,Senegal,,,active,pending_onboard,Kiva umbrella attribution; refine to KRIF subset in enrichment
South Pacific Business Development (SPBD) - Vanuatu,south-pacific-business-development-spbd-vanuatu,https://www.kiva.org/about/where-kiva-works/partners/611,Vanuatu,,,active,pending_onboard,Kiva umbrella attribution; refine to KRIF subset in enrichment
Women's Micro Bank (WMB),women-s-micro-bank-wmb,https://www.kiva.org/about/where-kiva-works/partners/582,Papua New Guinea,,,active,pending_onboard,Kiva umbrella attribution; refine to KRIF subset in enrichment
Lewa Wildlife Conservancy,lewa-wildlife-conservancy,https://www.kiva.org/about/where-kiva-works/partners/544,Kenya,,,active,pending_onboard,Kiva umbrella attribution; refine to KRIF subset in enrichment
Impact Hub,impact-hub,https://www.kiva.org/about/where-kiva-works/partners/521,South Africa,,,active,pending_onboard,Kiva umbrella attribution; refine to KRIF subset in enrichment
Hilltribe Organics Limited,hilltribe-organics-limited,https://www.kiva.org/about/where-kiva-works/partners/472,Thailand,,,active,pending_onboard,Kiva umbrella attribution; refine to KRIF subset in enrichment
Banco do Povo Crédito Solidario,banco-do-povo-credito-solidario,https://www.kiva.org/about/where-kiva-works/partners/464,Brazil,,,active,pending_onboard,Kiva umbrella attribution; refine to KRIF subset in enrichment
Dr. Bronner's / Serendipalm,dr-bronner-s-serendipalm,https://www.kiva.org/about/where-kiva-works/partners/449,Ghana,,,active,pending_onboard,Kiva umbrella attribution; refine to KRIF subset in enrichment
COCAFCAL,cocafcal,https://www.kiva.org/about/where-kiva-works/partners/448,Honduras,,,active,pending_onboard,Kiva umbrella attribution; refine to KRIF subset in enrichment
Kepler,kepler,https://www.kiva.org/about/where-kiva-works/partners/441,Rwanda,,,active,pending_onboard,Kiva umbrella attribution; refine to KRIF subset in enrichment
Together Association for Development and Environment (TADE),together-association-for-development-and-environment-tade,https://www.kiva.org/about/where-kiva-works/partners/440,Egypt,,,active,pending_onboard,Kiva umbrella attribution; refine to KRIF subset in enrichment
South Pacific Business Development (SPBD) - Solomon Islands,south-pacific-business-development-spbd-solomon-islands,https://www.kiva.org/about/where-kiva-works/partners/411,Solomon Islands,,,active,pending_onboard,Kiva umbrella attribution; refine to KRIF subset in enrichment
Ibdaa Microfinance,ibdaa-microfinance,https://www.kiva.org/about/where-kiva-works/partners/404,Lebanon,,,active,pending_onboard,Kiva umbrella attribution; refine to KRIF subset in enrichment
Programme d'Appui aux Initiatives de Développement Economique au Kivu (PAIDEK),programme-d-appui-aux-initiatives-de-developpement-economique-au-kivu-paidek,https://www.kiva.org/about/where-kiva-works/partners/402,Congo (DRC),,,active,pending_onboard,Kiva umbrella attribution; refine to KRIF subset in enrichment
Agence Communautaire pour le Financement de la Micro Entreprise (ACFIME),agence-communautaire-pour-le-financement-de-la-micro-entreprise-acfime,https://www.kiva.org/about/where-kiva-works/partners/398,Burkina Faso,,,active,pending_onboard,Kiva umbrella attribution; refine to KRIF subset in enrichment
Soluz Honduras,soluz-honduras,https://www.kiva.org/about/where-kiva-works/partners/390,Honduras,,,active,pending_onboard,Kiva umbrella attribution; refine to KRIF subset in enrichment
ECLOF Kenya,eclof-kenya,https://www.kiva.org/about/where-kiva-works/partners/386,Kenya,,,active,pending_onboard,Kiva umbrella attribution; refine to KRIF subset in enrichment
Ejido Verde Reserves,ejido-verde-reserves,https://www.kiva.org/about/where-kiva-works/partners/376,Mexico,,,active,pending_onboard,Kiva umbrella attribution; refine to KRIF subset in enrichment
Wedu,wedu,https://www.kiva.org/about/where-kiva-works/partners/372,Cambodia,,,active,pending_onboard,Kiva umbrella attribution; refine to KRIF subset in enrichment
Vahatra,vahatra,https://www.kiva.org/about/where-kiva-works/partners/359,Madagascar,,,active,pending_onboard,Kiva umbrella attribution; refine to KRIF subset in enrichment
Escalo (Instituto Peruano de Fomento Educativo),escalo-instituto-peruano-de-fomento-educativo,https://www.kiva.org/about/where-kiva-works/partners/358,Peru,,,active,pending_onboard,Kiva umbrella attribution; refine to KRIF subset in enrichment
Habitat for Humanity Mexico,habitat-for-humanity-mexico,https://www.kiva.org/about/where-kiva-works/partners/339,Mexico,,,active,pending_onboard,Kiva umbrella attribution; refine to KRIF subset in enrichment
PAC,pac,https://www.kiva.org/about/where-kiva-works/partners/295,Nicaragua,,,active,pending_onboard,Kiva umbrella attribution; refine to KRIF subset in enrichment
Kubo.financiero,kubo-financiero,https://www.kiva.org/about/where-kiva-works/partners/294,Mexico,,,active,pending_onboard,Kiva umbrella attribution; refine to KRIF subset in enrichment
ERES Energía Renovable,eres-energia-renovable,https://www.kiva.org/about/where-kiva-works/partners/275,Mexico,,,active,pending_onboard,Kiva umbrella attribution; refine to KRIF subset in enrichment
Yellow Leaf Hammocks,yellow-leaf-hammocks,https://www.kiva.org/about/where-kiva-works/partners/274,Thailand,,,active,pending_onboard,Kiva umbrella attribution; refine to KRIF subset in enrichment
MicroStart,microstart,https://www.kiva.org/about/where-kiva-works/partners/187,Burkina Faso,,,active,pending_onboard,Kiva umbrella attribution; refine to KRIF subset in enrichment
FUDECOSUR,fudecosur,https://www.kiva.org/about/where-kiva-works/partners/150,Costa Rica,,,active,pending_onboard,Kiva umbrella attribution; refine to KRIF subset in enrichment
FAPE,fape,https://www.kiva.org/about/where-kiva-works/partners/97,Guatemala,,,active,pending_onboard,Kiva umbrella attribution; refine to KRIF subset in enrichment
Esperanza International Dominican Republic,esperanza-international-dominican-republic,https://www.kiva.org/about/where-kiva-works/partners/44,Dominican Republic,,,active,pending_onboard,Kiva umbrella attribution; refine to KRIF subset in enrichment
Microbanco Confianca SA.,microbanco-confianca-sa,https://www.kiva.org/about/where-kiva-works/partners/23,Mozambique,,,active,pending_onboard,Kiva umbrella attribution; refine to KRIF subset in enrichment
South Pacific Business Development (SPBD) - Samoa,south-pacific-business-development-spbd-samoa,https://www.kiva.org/about/where-kiva-works/partners/15,Samoa,,,active,pending_onboard,Kiva umbrella attribution; refine to KRIF subset in enrichment
Degas Ghana LTD,degas-ghana-ltd,https://www.kiva.org/about/where-kiva-works/partners/694,Ghana,,,active,pending_onboard,Kiva umbrella attribution; refine to KRIF subset in enrichment
Viwala S.A.P.I de CV,viwala-s-a-p-i-de-cv,https://www.kiva.org/about/where-kiva-works/partners/674,Mexico,,,active,pending_onboard,Kiva umbrella attribution; refine to KRIF subset in enrichment
Victoria Finance Plc,victoria-finance-plc,https://www.kiva.org/about/where-kiva-works/partners/649,Tanzania,,,active,pending_onboard,Kiva umbrella attribution; refine to KRIF subset in enrichment
ATEC Global,atec-global,https://www.kiva.org/about/where-kiva-works/partners/636,Cambodia,,,active,pending_onboard,Kiva umbrella attribution; refine to KRIF subset in enrichment
Fundación Salvadoreña de Apoyo Integral (FUSAI),fundacion-salvadorena-de-apoyo-integral-fusai,https://www.kiva.org/about/where-kiva-works/partners/627,El Salvador,,,active,pending_onboard,Kiva umbrella attribution; refine to KRIF subset in enrichment
Opportunity Bank Uganda Ltd,opportunity-bank-uganda-ltd,https://www.kiva.org/about/where-kiva-works/partners/606,Uganda,,,active,pending_onboard,Kiva umbrella attribution; refine to KRIF subset in enrichment
Izili Madagascar,izili-madagascar,https://www.kiva.org/about/where-kiva-works/partners/578,Madagascar,,,active,pending_onboard,Kiva umbrella attribution; refine to KRIF subset in enrichment
Pomona Impact Foundation,pomona-impact-foundation,https://www.kiva.org/about/where-kiva-works/partners/479,Guatemala,,,active,pending_onboard,Kiva umbrella attribution; refine to KRIF subset in enrichment
Uncharted,uncharted,https://www.kiva.org/about/where-kiva-works/partners/477,United States,,,active,pending_onboard,Kiva umbrella attribution; refine to KRIF subset in enrichment
Crédit Epargne Formation (CEFOR),credit-epargne-formation-cefor,https://www.kiva.org/about/where-kiva-works/partners/443,Madagascar,,,active,pending_onboard,Kiva umbrella attribution; refine to KRIF subset in enrichment
Réseau de Micro-institutions de Croissance de Revenus (RMCR),reseau-de-micro-institutions-de-croissance-de-revenus-rmcr,https://www.kiva.org/about/where-kiva-works/partners/438,Mali,,,active,pending_onboard,Kiva umbrella attribution; refine to KRIF subset in enrichment
Alivio Capital,alivio-capital,https://www.kiva.org/about/where-kiva-works/partners/357,Mexico,,,active,pending_onboard,Kiva umbrella attribution; refine to KRIF subset in enrichment
Nazava Water Filters,nazava-water-filters,https://www.kiva.org/about/where-kiva-works/partners/263,Indonesia,,,active,pending_onboard,Kiva umbrella attribution; refine to KRIF subset in enrichment
Sanergy,sanergy,https://www.kiva.org/about/where-kiva-works/partners/258,Kenya,,,active,pending_onboard,Kiva umbrella attribution; refine to KRIF subset in enrichment
Koret Israel Economic Development Funds (KIEDF),koret-israel-economic-development-funds-kiedf,https://www.kiva.org/about/where-kiva-works/partners/175,Israel,,,active,pending_onboard,Kiva umbrella attribution; refine to KRIF subset in enrichment
AFODENIC,afodenic,https://www.kiva.org/about/where-kiva-works/partners/98,Nicaragua,,,active,pending_onboard,Kiva umbrella attribution; refine to KRIF subset in enrichment
Fundación Pro Mujer,fundacion-pro-mujer,https://www.kiva.org/about/where-kiva-works/partners/59,Bolivia,,,active,pending_onboard,Kiva umbrella attribution; refine to KRIF subset in enrichment
Al Majmoua,al-majmoua,https://www.kiva.org/about/where-kiva-works/partners/696,Lebanon,,,active,pending_onboard,Kiva umbrella attribution; refine to KRIF subset in enrichment
Izili Côte d'Ivoire,izili-cote-d-ivoire,https://www.kiva.org/about/where-kiva-works/partners/663,Cote D'Ivoire,,,active,pending_onboard,Kiva umbrella attribution; refine to KRIF subset in enrichment
Aflore,aflore,https://www.kiva.org/about/where-kiva-works/partners/637,Colombia,,,active,pending_onboard,Kiva umbrella attribution; refine to KRIF subset in enrichment
Jibu Tanzania,jibu-tanzania,https://www.kiva.org/about/where-kiva-works/partners/604,Tanzania,,,active,pending_onboard,Kiva umbrella attribution; refine to KRIF subset in enrichment
FISD Finance for Agriculture Development (FIFAD),fisd-finance-for-agriculture-development-fifad,https://www.kiva.org/about/where-kiva-works/partners/620,Malawi,,,active,pending_onboard,Kiva umbrella attribution; refine to KRIF subset in enrichment
YIKRI,yikri,https://www.kiva.org/about/where-kiva-works/partners/572,Burkina Faso,,,active,pending_onboard,Kiva umbrella attribution; refine to KRIF subset in enrichment
African Clean Energy (ACE),african-clean-energy-ace,https://www.kiva.org/about/where-kiva-works/partners/452,Lesotho,,,active,pending_onboard,Kiva umbrella attribution; refine to KRIF subset in enrichment
Palmis Mikwofinans Sosyal,palmis-mikwofinans-sosyal,https://www.kiva.org/about/where-kiva-works/partners/442,Haiti,,,active,pending_onboard,Kiva umbrella attribution; refine to KRIF subset in enrichment
Burn Manufacturing,burn-manufacturing,https://www.kiva.org/about/where-kiva-works/partners/397,Kenya,,,active,pending_onboard,Kiva umbrella attribution; refine to KRIF subset in enrichment
Maharishi Education for Invincibility Trust,maharishi-education-for-invincibility-trust,https://www.kiva.org/about/where-kiva-works/partners/211,South Africa,,,active,pending_onboard,Kiva umbrella attribution; refine to KRIF subset in enrichment
Wasoko,wasoko,https://wasoko.com/,,,,active,pending_onboard,
Verqor,verqor,https://www.kiva.org/about/where-kiva-works/partners/676,Mexico,,,active,pending_onboard,Kiva umbrella attribution; refine to KRIF subset in enrichment
Vasham,vasham,https://vasham.co.id/,,,,active,pending_onboard,
Umoja,umoja,https://umoja.xyz/,,,,active,pending_onboard,
Turaco,turaco,https://www.turaco.insure/,,,,active,pending_onboard,
Tolbi,tolbi,https://tolbi.ai/,,,,active,pending_onboard,
Tappi,tappi,https://tappi.app/,,,,active,pending_onboard,
Stable Foods,stable-foods,https://www.stable-foods.com/,,,,active,pending_onboard,
Seabex,seabex,https://seabex.com/,,,,active,pending_onboard,
Satellites On Fire,satellitesonfire,https://www.satellitesonfire.com/,,,,active,pending_onboard,
Pula Advisors,pula-advisors,https://www.pula-advisors.com/,,,,active,pending_onboard,
Powered by People,poweredbypeople,https://www.poweredbypeople.com/,,,,active,pending_onboard,
Yourpower,yourpower,https://yourpower.io/,,,,active,pending_onboard,
Popular Power,popularpower,https://www.popularpower.io/,,,,active,pending_onboard,
Poás Bioenergy,poasbioenergy,https://www.poasbioenergy.com/,,,,active,pending_onboard,
Rivy,payhippo,https://payhippo.ng/,,,,active,pending_onboard,
Open Forest Protocol,openforestprotocol,https://www.openforestprotocol.org/,,,,active,pending_onboard,
OKO,oko,https://www.oko.finance/,,,,active,pending_onboard,
Ndovu,ndovu,https://ndovu.co/,,,,active,pending_onboard,
Microrisk,microrisk,https://www.microrisk.org/,,,,active,pending_onboard,
Meridia,meridia,https://www.meridia.land/,,,,active,pending_onboard,
MazaoHub,mazaohub,https://mazaohub.com/,,,,active,pending_onboard,
Liftit,liftit,https://liftit.co/en/,,,,active,pending_onboard,
Kwanza Tukule,kwanzatukule,https://www.kwanzatukule.com/,,,,active,pending_onboard,
Kofa,kofa,https://www.kofa.co/,,,,active,pending_onboard,
KalPay,kalpayfinancials,https://kalpayfinancials.com/,,,,active,pending_onboard,
ImaliPay,imalipay,https://www.imalipay.com/,,,,active,pending_onboard,
Ignitia,ignitia,https://www.ignitia.se/,,,,active,pending_onboard,
Harvesting Co.,harvesting,http://www.harvesting.co/,,,,active,pending_onboard,
Goldfinch,goldfinch,https://goldfinch.finance/,,,,active,pending_onboard,
Floodbase,floodbase,https://www.floodbase.com/,,,,active,pending_onboard,
Fibrazo,fibrazo,https://www.fibrazo.com/,,,,active,pending_onboard,
Epoch,epoch,https://epoch.blue/,,,,active,pending_onboard,
Ejara,ejara,https://www.ejara.io/,,,,active,pending_onboard,
Complete Farmer,completefarmer,https://www.completefarmer.com/,,,,active,pending_onboard,
Cinch Markets Ltd,cinch-markets-ltd,https://www.linkedin.com/company/cinch-markets-ltd/about/,,,,active,pending_onboard,
Boost,boost,https://www.boost.technology/,,,,active,pending_onboard,
Blooms Capital,bloomscapital,https://www.linkedin.com/company/bloomscapital/,,,,active,pending_onboard,
Bitmama,bitmama,https://bitmama.io/,,,,active,pending_onboard,
Arifu,arifu,https://www.arifu.com/,,,,active,pending_onboard,
Aquarech,aquarech,https://www.aquarech.com/,,,,active,pending_onboard,
Agrails,agrails,https://www.linkedin.com/company/agrails/,,,,active,pending_onboard,
AgriAku,agriaku,https://agriaku.com/,,,,active,pending_onboard,
Ábaco,abacocapital,http://www.abacocapital.co/,,,,active,pending_onboard,
Complete Farmer Limited,complete-farmer-limited,https://www.kiva.org/about/where-kiva-works/partners/639,Ghana,,,active,pending_onboard,Kiva umbrella attribution; refine to KRIF subset in enrichment
Farmerline,farmerline,https://www.kiva.org/about/where-kiva-works/partners/490,Ghana,,,active,pending_onboard,Kiva umbrella attribution; refine to KRIF subset in enrichment
Quipu Bank,quipu-bank,https://www.kiva.org/about/where-kiva-works/partners/681,Colombia,,,active,pending_onboard,Kiva umbrella attribution; refine to KRIF subset in enrichment
Zuri Health,zuri-health,https://www.kiva.org/about/where-kiva-works/partners/679,Kenya,,,active,pending_onboard,Kiva umbrella attribution; refine to KRIF subset in enrichment
Awana,awana,https://www.kiva.org/about/where-kiva-works/partners/673,Ecuador,,,active,pending_onboard,Kiva umbrella attribution; refine to KRIF subset in enrichment
Someone Somewhere,someone-somewhere,https://www.kiva.org/about/where-kiva-works/partners/672,Mexico,,,active,pending_onboard,Kiva umbrella attribution; refine to KRIF subset in enrichment
DAR Proyectos,dar-proyectos,https://www.kiva.org/about/where-kiva-works/partners/669,Peru,,,active,pending_onboard,Kiva umbrella attribution; refine to KRIF subset in enrichment
Liberia Cocoa Corporation,liberia-cocoa-corporation,https://www.kiva.org/about/where-kiva-works/partners/668,Liberia,,,active,pending_onboard,Kiva umbrella attribution; refine to KRIF subset in enrichment
Suritex SAC,suritex-sac,https://www.kiva.org/about/where-kiva-works/partners/662,Peru,,,active,pending_onboard,Kiva umbrella attribution; refine to KRIF subset in enrichment
Diaspora Co.,diaspora-co,https://www.kiva.org/about/where-kiva-works/partners/653,India,,,active,pending_onboard,Kiva umbrella attribution; refine to KRIF subset in enrichment
Novulis,novulis,https://www.kiva.org/about/where-kiva-works/partners/640,Ecuador,,,active,pending_onboard,Kiva umbrella attribution; refine to KRIF subset in enrichment
Nilus,nilus,https://www.kiva.org/about/where-kiva-works/partners/634,Mexico,,,active,pending_onboard,Kiva umbrella attribution; refine to KRIF subset in enrichment
Ilara Health,ilara-health,https://www.kiva.org/about/where-kiva-works/partners/630,Kenya,,,active,pending_onboard,Kiva umbrella attribution; refine to KRIF subset in enrichment
Altech,altech,https://www.kiva.org/about/where-kiva-works/partners/618,Congo (DRC),,,active,pending_onboard,Kiva umbrella attribution; refine to KRIF subset in enrichment
Deevabits Green Energy,deevabits-green-energy,https://www.kiva.org/about/where-kiva-works/partners/600,Kenya,,,active,pending_onboard,Kiva umbrella attribution; refine to KRIF subset in enrichment
Bidhaa Sasa,bidhaa-sasa,https://www.kiva.org/about/where-kiva-works/partners/598,Kenya,,,active,pending_onboard,Kiva umbrella attribution; refine to KRIF subset in enrichment
MoringaConnect Inc,moringaconnect-inc,https://www.kiva.org/about/where-kiva-works/partners/575,Ghana,,,active,pending_onboard,Kiva umbrella attribution; refine to KRIF subset in enrichment
Drinkwell,drinkwell,https://www.kiva.org/about/where-kiva-works/partners/565,Bangladesh,,,active,pending_onboard,Kiva umbrella attribution; refine to KRIF subset in enrichment
Acceso El Salvador,acceso-el-salvador,https://www.kiva.org/about/where-kiva-works/partners/558,El Salvador,,,active,pending_onboard,Kiva umbrella attribution; refine to KRIF subset in enrichment
Nucafe,nucafe,https://www.kiva.org/about/where-kiva-works/partners/546,Uganda,,,active,pending_onboard,Kiva umbrella attribution; refine to KRIF subset in enrichment
Cacao de Aroma,cacao-de-aroma,https://www.kiva.org/about/where-kiva-works/partners/513,Peru,,,active,pending_onboard,Kiva umbrella attribution; refine to KRIF subset in enrichment
Symplifica,symplifica,https://www.kiva.org/about/where-kiva-works/partners/712,Colombia,,,active,pending_onboard,Kiva umbrella attribution; refine to KRIF subset in enrichment
Bukapo Digital Sejahtera PTE. LTD.,bukapo-digital-sejahtera-pte-ltd,https://www.kiva.org/about/where-kiva-works/partners/711,Indonesia,,,active,pending_onboard,Kiva umbrella attribution; refine to KRIF subset in enrichment
COOPERATIVA AGRARIA RUTAS DEL INCA,cooperativa-agraria-rutas-del-inca,https://www.kiva.org/about/where-kiva-works/partners/710,Peru,,,active,pending_onboard,Kiva umbrella attribution; refine to KRIF subset in enrichment
Novel Farm Limited,novel-farm-limited,https://www.kiva.org/about/where-kiva-works/partners/709,Uganda,,,active,pending_onboard,Kiva umbrella attribution; refine to KRIF subset in enrichment
"Jasberry Co., Ltd.",jasberry-co-ltd,https://www.kiva.org/about/where-kiva-works/partners/708,Thailand,,,active,pending_onboard,Kiva umbrella attribution; refine to KRIF subset in enrichment
Motopack SAS BIC,motopack-sas-bic,https://www.kiva.org/about/where-kiva-works/partners/707,Colombia,,,active,pending_onboard,Kiva umbrella attribution; refine to KRIF subset in enrichment
Balloon Ventures Ltd,balloon-ventures-ltd,https://www.kiva.org/about/where-kiva-works/partners/706,Uganda,,,active,pending_onboard,Kiva umbrella attribution; refine to KRIF subset in enrichment
MP Recicla S.A.C,mp-recicla-s-a-c,https://www.kiva.org/about/where-kiva-works/partners/704,Peru,,,active,pending_onboard,Kiva umbrella attribution; refine to KRIF subset in enrichment
Soluna Energia,soluna-energia,https://www.kiva.org/about/where-kiva-works/partners/703,Colombia,,,active,pending_onboard,Kiva umbrella attribution; refine to KRIF subset in enrichment
Mbay Mobility Suarl,mbay-mobility-suarl,https://www.kiva.org/about/where-kiva-works/partners/702,Senegal,,,active,pending_onboard,Kiva umbrella attribution; refine to KRIF subset in enrichment
FarmWorks Agriculture,farmworks-agriculture,https://www.kiva.org/about/where-kiva-works/partners/699,Kenya,,,active,pending_onboard,Kiva umbrella attribution; refine to KRIF subset in enrichment
Smart Havens Africa,smart-havens-africa,https://www.kiva.org/about/where-kiva-works/partners/697,Uganda,,,active,pending_onboard,Kiva umbrella attribution; refine to KRIF subset in enrichment
Albedo Solar Leasing S.A.,albedo-solar-leasing-s-a,https://www.kiva.org/about/where-kiva-works/partners/695,Guatemala,,,active,pending_onboard,Kiva umbrella attribution; refine to KRIF subset in enrichment
BeeConscious Co Ltd,beeconscious-co-ltd,https://www.kiva.org/about/where-kiva-works/partners/693,Thailand,,,active,pending_onboard,Kiva umbrella attribution; refine to KRIF subset in enrichment
MONET COLOMBIA SAS,monet-colombia-sas,https://www.kiva.org/about/where-kiva-works/partners/692,Colombia,,,active,pending_onboard,Kiva umbrella attribution; refine to KRIF subset in enrichment
Wild Hive and Company Limited,wild-hive-and-company-limited,https://www.kiva.org/about/where-kiva-works/partners/691,Zambia,,,active,pending_onboard,Kiva umbrella attribution; refine to KRIF subset in enrichment
Hydrologic Social Enterprise Co Ltd,hydrologic-social-enterprise-co-ltd,https://www.kiva.org/about/where-kiva-works/partners/689,Cambodia,,,active,pending_onboard,Kiva umbrella attribution; refine to KRIF subset in enrichment
TapEffect Co.,tapeffect-co,https://www.kiva.org/about/where-kiva-works/partners/687,Cambodia,,,active,pending_onboard,Kiva umbrella attribution; refine to KRIF subset in enrichment
Good Nature Agro Products Limited,good-nature-agro-products-limited,https://www.kiva.org/about/where-kiva-works/partners/686,Zambia,,,active,pending_onboard,Kiva umbrella attribution; refine to KRIF subset in enrichment
Jackfruit Finance,jackfruit-finance,https://www.kiva.org/about/where-kiva-works/partners/684,Kenya,,,active,pending_onboard,Kiva umbrella attribution; refine to KRIF subset in enrichment
Solenium SAS,solenium-sas,https://www.kiva.org/about/where-kiva-works/partners/683,Colombia,,,active,pending_onboard,Kiva umbrella attribution; refine to KRIF subset in enrichment
Farm Depot,farm-depot,https://www.kiva.org/about/where-kiva-works/partners/680,Zambia,,,active,pending_onboard,Kiva umbrella attribution; refine to KRIF subset in enrichment
BrightLife (Finca Plus LLC),brightlife-finca-plus-llc,https://www.kiva.org/about/where-kiva-works/partners/677,Uganda,,,active,pending_onboard,Kiva umbrella attribution; refine to KRIF subset in enrichment
Evergreen Agro (Granadas del Sur),evergreen-agro-granadas-del-sur,https://www.kiva.org/about/where-kiva-works/partners/671,Peru,,,active,pending_onboard,Kiva umbrella attribution; refine to KRIF subset in enrichment
MPower Ventures AG,mpower-ventures-ag,https://www.kiva.org/about/where-kiva-works/partners/665,Cameroon,,,active,pending_onboard,Kiva umbrella attribution; refine to KRIF subset in enrichment
Tivwane Money Solution,tivwane-money-solution,https://www.kiva.org/about/where-kiva-works/partners/660,Zambia,,,active,pending_onboard,Kiva umbrella attribution; refine to KRIF subset in enrichment
Burlap & Barrel,burlap-barrel,https://www.kiva.org/about/where-kiva-works/partners/656,United States,,,active,pending_onboard,Kiva umbrella attribution; refine to KRIF subset in enrichment
ColdHubs,coldhubs,https://www.kiva.org/about/where-kiva-works/partners/628,Nigeria,,,active,pending_onboard,Kiva umbrella attribution; refine to KRIF subset in enrichment
Mountain Harvest,mountain-harvest,https://www.kiva.org/about/where-kiva-works/partners/623,Uganda,,,active,pending_onboard,Kiva umbrella attribution; refine to KRIF subset in enrichment
Kuli Kuli,kuli-kuli,https://www.kiva.org/about/where-kiva-works/partners/614,United States,,,active,pending_onboard,Kiva umbrella attribution; refine to KRIF subset in enrichment
Cherehani Africa,cherehani-africa,https://www.kiva.org/about/where-kiva-works/partners/592,Kenya,,,active,pending_onboard,Kiva umbrella attribution; refine to KRIF subset in enrichment
Fortuna Biznes Mikromoliya Tashkiloti Llc,fortuna-biznes-mikromoliya-tashkiloti-llc,https://av-ventures.com/portfolio/fortuna-biznes-mikromoliya-tashkiloti-llc/,,,,active,pending_onboard,
Vodiy Taraqqiyot Mikromoliya Tashkiloti Llc,vodiy-taraqqiyot-mikromoliya-tashkiloti-llc,https://av-ventures.com/portfolio/vodiy-taraqqiyot-mikromoliya-tashkiloti-llc/,,,,active,pending_onboard,
Delta Mikromoliya Tashkiloti Llc,delta-mikromoliya-tashkiloti-llc,https://av-ventures.com/portfolio/delta-mikromoliya-tashkiloti-llc/,,,,active,pending_onboard,
Ehtirom Plus,ehtirom-plus,https://av-ventures.com/portfolio/ehtirom-plus/,,,,active,pending_onboard,
Eurasia Oil International Llc And Ololo Group Llc,eurasia-oil-international-llc-and-ololo-group-llc,https://av-ventures.com/portfolio/eurasia-oil-international-llc-and-ololo-group-llc/,,,,active,pending_onboard,
Renesans Mikromoliya Tashkiloti Jsc,renesans-mikromoliya-tashkiloti-jsc,https://av-ventures.com/portfolio/renesans-mikromoliya-tashkiloti-jsc/,,,,active,pending_onboard,
Oasis Credit,oasis-credit,https://av-ventures.com/portfolio/oasis-credit/,,,,active,pending_onboard,
Kupuev Academy,kupuev-academy,https://av-ventures.com/portfolio/kupuev-academy/,,,,active,pending_onboard,
Furuz Microfinance Institution,furuz-microfinance-institution,https://av-ventures.com/portfolio/furuz-microfinance-institution/,,,,active,pending_onboard,
Safer Power Limited,safer-power-limited,https://av-ventures.com/portfolio/safer-power-limited/,,,,active,pending_onboard,
Middle East Bank Limited,middle-east-bank-limited,https://av-ventures.com/portfolio/middle-east-bank-limited/,,,,active,pending_onboard,
Mwangaza Micro Enterprises Limited,mwangaza-micro-enterprises-limited,https://av-ventures.com/portfolio/mwangaza-micro-enterprises-limited/,,,,active,pending_onboard,
Edenbridge Capital,edenbridge-capital,https://av-ventures.com/portfolio/edenbridge-capital/,,,,active,pending_onboard,
Dot Capital Limited,dot-capital-limited,https://av-ventures.com/portfolio/dot-capital-limited/,,,,active,pending_onboard,
Centenary Microenterprise Services Limited,centenary-microenterprise-services-limited,https://av-ventures.com/portfolio/centenary-microenterprise-services-limited/,,,,active,pending_onboard,
Incredo Microfinance,incredo-microfinance,https://av-ventures.com/portfolio/incredo-microfinance/,,,,active,pending_onboard,
Agricultural Finance Corporation,agricultural-finance-corporation,https://av-ventures.com/portfolio/agricultural-finance-corporation/,,,,active,pending_onboard,
Fadhili Micro Enterprises Limited,fadhili-micro-enterprises-limited,https://av-ventures.com/portfolio/fadhili-micro-enterprises-limited/,,,,active,pending_onboard,
Ololoakjol,ololoakjol,https://av-ventures.com/portfolio/ololoakjol/,,,,active,pending_onboard,
Hello Tractor,hello-tractor,https://av-ventures.com/portfolio/hello_tractor/,,,,active,pending_onboard,
Solargen Technologies Ltd,solargen-technologies-ltd,https://av-ventures.com/portfolio/solargen-technologies-ltd/,,,,active,pending_onboard,
Maphlix Trust Ghana Limited,maphlix-trust-ghana-limited,https://av-ventures.com/portfolio/maphlix-trust-ghana-limited/,,,,active,pending_onboard,
Agrocenta,agrocenta,https://av-ventures.com/portfolio/agrocenta/,,,,active,pending_onboard,
Agro Innova Ltd,agro-innova-ltd,https://av-ventures.com/portfolio/agro-innova-ltd/,,,,active,pending_onboard,
Warc Ghana Limited,warc-ghana-limited,https://av-ventures.com/portfolio/warc-ghana-limited/,,,,active,pending_onboard,
Valency International,valency-international,https://www.andgreen.fund/portfolio/valency-international/,,,,active,pending_onboard,
Phuc Sinh Corporation,phuc-sinh-corporation,https://www.andgreen.fund/portfolio/phuc-sinh/,,,,active,pending_onboard,
ETC Group (ETG),etc-group-etg,https://www.andgreen.fund/portfolio/etg-deal-disclosure/,,,,active,pending_onboard,
Mercon B.V.,mercon-b-v,https://www.andgreen.fund/portfolio/mercon-bv/,,,,active,pending_onboard,
Fueling Sustainability (FS Agrisolutions),fueling-sustainability-fs-agrisolutions,https://www.andgreen.fund/portfolio/fs-agrisolutions/,,,,active,pending_onboard,
PT Hilton Duta Lestari (HDL),pt-hilton-duta-lestari-hdl,https://www.andgreen.fund/portfolio/pt-hilton-duta-lestari-hdl/,,,,active,pending_onboard,
Marfrig Global Foods S.A. (Marfrig),marfrig-global-foods-s-a-marfrig,https://www.andgreen.fund/portfolio/marfrig-global-foods-s-a-marfrig/,,,,active,pending_onboard,
PT Dharma Satya Nusantara Tbk (DSNG),pt-dharma-satya-nusantara-tbk-dsng,https://www.andgreen.fund/portfolio/pt-dharma-satya-nusantara-tbk-dsng/,,,,active,pending_onboard,
Agropecuária Roncador Ltda (Roncador),agropecuaria-roncador-ltda-roncador,https://www.andgreen.fund/portfolio/agropecuaria-roncador-ltda-rondacor/,,,,active,pending_onboard,
PT Royal Lestari Utama (RLU),pt-royal-lestari-utama-rlu,https://www.andgreen.fund/portfolio/pt-royal-lestari-utama-rlu/,,,,active,pending_onboard,
Hacienda San José (HSJ),hacienda-san-jose-hsj,https://www.andgreen.fund/portfolio/hacienda-san-jose-hsj/,,,,active,pending_onboard,
African Mushroom Growers,african-mushroom-growers,,,,,active,pending_onboard,
Ahonto,ahonto,,,,,active,pending_onboard,
Amaati,amaati,,,,,active,pending_onboard,
Bio Phyto,bio-phyto,,,,,active,pending_onboard,
Byeffe Foods Ltd,byeffe-foods-ltd,,,,,active,pending_onboard,
COOKKANZ,cookkanz,,,,,active,pending_onboard,
East Africa Fruit Company,east-africa-fruit-company,,,,,active,pending_onboard,
EasyHatch,easyhatch,,,,,active,pending_onboard,
Esop Vallée,esop-vallee,,,,,active,pending_onboard,
Greenfield Agricultural Services,greenfield-agricultural-services,,,,,active,pending_onboard,
Mambo Coffee Company Ltd,mambo-coffee-company-ltd,,,,,active,pending_onboard,
Mujuni,mujuni,,,,,active,pending_onboard,
OEL,oel,,,,,active,pending_onboard,
OJA,oja,,,,,active,pending_onboard,
SCAMED,scamed,,,,,active,pending_onboard,
SCOOPANAB,scoopanab,,,,,active,pending_onboard,
Sommalife,sommalife,,,,,active,pending_onboard,
SOPROCOPIV,soprocopiv,,,,,active,pending_onboard,
SPF,spf,,,,,active,pending_onboard,
Swatini,swatini,,,,,active,pending_onboard,
UPAS,upas,,,,,active,pending_onboard,
UNERIZ,uneriz,,,,,active,pending_onboard,
Vert,vert,,,,,active,pending_onboard,
Yayra Glover,yayra-glover,,,,,active,pending_onboard,
Yeyasso,yeyasso,,,,,active,pending_onboard,
Agropia,agropia,,,,,active,pending_onboard,
APASEM,apasem,,,,,active,pending_onboard,
COOSEMPODA,coosempoda,,,,,active,pending_onboard,
FACES Microfinanzas,faces-microfinanzas,,,,,active,pending_onboard,
FECCEG,fecceg,,,,,active,pending_onboard,
Lagunas de los Condores,lagunas-de-los-condores,,,,,active,pending_onboard,
Najil Cab,najil-cab,,,,,active,pending_onboard,
Norandino,norandino,,,,,active,pending_onboard,
Sanchirio Palomar,sanchirio-palomar,,,,,active,pending_onboard,
Cassia Coop,cassia-coop,,,,,active,pending_onboard,
Tun Yat,tun-yat,,,,,active,pending_onboard,
Sitara (SGR Limited),sitara-sgr-limited,https://www.sgrlimited.in/,,,,active,pending_onboard,
Pula,pula,https://www.pula-advisors.com/,,,,active,pending_onboard,
Amartha,amartha,https://amartha.com/,,,,active,pending_onboard,
Tugende,tugende,https://gotugende.com/,,,,active,pending_onboard,
BikeBazaar,bikebazaar,https://bikebazaar.com/,,,,active,pending_onboard,
Pezesha,pezesha,https://pezesha.com/,,,,active,pending_onboard,
Tienda Pago,tienda-pago,https://www.tiendapago.com/,,,,active,pending_onboard,
Igloo,igloo,https://iglooinsure.com/,,,,active,pending_onboard,
Lulalend,lulalend,https://www.lulalend.co.za/,,,,active,pending_onboard,
Platcorp Group,platcorp-group,https://www.platcorpgroup.com/,,,,active,pending_onboard,
Annapurna Finance,annapurna-finance,https://annapurnafinance.in/,,,,active,pending_onboard,
BancoSol,bancosol,https://www.bancosol.com.bo/,,,,active,pending_onboard,
Sanad for Microfinance,sanad-for-microfinance,https://sanadcomjo.com/AboutUs,,,,active,pending_onboard,
Banco W,banco-w,https://www.bancow.com.co/,,,,active,pending_onboard,
